fecha;producto;region;cliente_id;canal_venta;precio_unitario;cantidad;ingreso;costo_unitario;utilidad
2023-03-16 00:00:00;Monitor;Este;1009;Call center;426,67;2;853,34;306,4;240,54
2023-07-12 00:00:00;Laptop;Este;1060;Online;1293,49;4;5173,96;997,32;1184,68
2023-11-12 00:00:00;Monitor;Oeste;1046;Call center;665,91;7;4661,37;424,64;1688,89
2023-11-17 00:00:00;Monitor;Sur;1001;Call center;451,84;3;1355,52;337,93;341,73
2023-03-12 00:00:00;Tablet;Oeste;1008;Online;949,32;2;1898,64;479,99;938,66
2023-11-22 00:00:00;Impresora;Norte;1093;Tienda física;1225,9;7;8581,3;753,58;3306,24
2023-11-06 00:00:00;Tablet;Este;1001;Online;429,4;4;1717,6;335,28;376,48
2023-03-25 00:00:00;Smartphone;Norte;1061;Call center;771,41;6;4628,46;542,87;1371,24
2023-10-07 00:00:00;Impresora;Sur;1087;Tienda física;594,93;6;3569,58;321,08;1643,1
2023-03-30 00:00:00;Monitor;Norte;1013;Call center;1040,28;3;3120,84;817,11;669,51
2023-06-03 00:00:00;Smartphone;Sur;1017;Tienda física;316,38;3;949,14;161,78;463,8
2023-11-04 00:00:00;Smartphone;Este;1043;Online;351,76;5;1758,8;234,69;585,35
2023-02-25 00:00:00;Impresora;Sur;1091;Tienda física;1421,86;4;5687,44;1007,87;1655,96
2023-03-21 00:00:00;Tablet;Sur;1072;Call center;542,69;6;3256,14;279,44;1579,5
2023-12-21 00:00:00;Smartphone;Norte;1037;Online;572,09;9;5148,81;414,36;1419,57
2023-05-13 00:00:00;Laptop;Oeste;1032;Online;1403,14;6;8418,84;877,33;3154,86
2023-10-09 00:00:00;Laptop;Sur;1020;Online;1490,63;2;2981,26;1066,25;848,76
2023-09-24 00:00:00;Impresora;Sur;1039;Call center;258,4;8;2067,2;180,11;626,32
2023-07-13 00:00:00;Impresora;Oeste;1098;Online;759,47;3;2278,41;581,31;534,48
2023-03-24 00:00:00;Impresora;Norte;1096;Online;408,35;7;2858,45;208,55;1398,6
2023-09-26 00:00:00;Laptop;Sur;1062;Call center;751,67;8;6013,36;595,04;1253,04
2023-12-26 00:00:00;Monitor;Oeste;1086;Call center;1406,04;5;7030,2;963,73;2211,55
2023-02-23 00:00:00;Impresora;Oeste;1019;Call center;1372,03;4;5488,12;889,89;1928,56
2023-02-16 00:00:00;Smartphone;Sur;1021;Tienda física;1219,45;7;8536,15;913,17;2143,96
2023-01-18 00:00:00;Impresora;Oeste;1069;Tienda física;1364,73;1;1364,73;943,72;421,01
2023-12-10 00:00:00;Laptop;Norte;1033;Tienda física;310,04;5;1550,2;184,8;626,2
2023-05-21 00:00:00;Monitor;Sur;1065;Tienda física;691,16;8;5529,28;531,31;1278,8
2023-02-01 00:00:00;Laptop;Este;1023;Tienda física;702,99;2;1405,98;386,05;633,88
2023-10-05 00:00:00;Impresora;Oeste;1033;Tienda física;1329,73;3;3989,19;728,07;1804,98
2023-06-15 00:00:00;Impresora;Sur;1062;Tienda física;1063,5;4;4254;600,92;1850,32
2023-04-18 00:00:00;Tablet;Sur;1074;Call center;1300,49;1;1300,49;651,64;648,85
2023-03-17 00:00:00;Smartphone;Norte;1039;Tienda física;855,02;3;2565,06;674,75;540,81
2023-06-20 00:00:00;Monitor;Oeste;1063;Online;951,6;8;7612,8;703,92;1981,44
2023-05-04 00:00:00;Impresora;Sur;1098;Tienda física;530,09;1;530,09;269,61;260,48
2023-09-09 00:00:00;Monitor;Sur;1041;Tienda física;1363,84;4;5455,36;883,08;1923,04
2023-04-26 00:00:00;Laptop;Sur;1022;Online;684,38;6;4106,28;356,82;1965,36
2023-05-17 00:00:00;Smartphone;Sur;1093;Tienda física;666,8;9;6001,2;474,47;1730,97
2023-02-22 00:00:00;Laptop;Norte;1098;Call center;1368,12;9;12313,08;890,97;4294,35
2023-08-19 00:00:00;Monitor;Norte;1052;Call center;714,1;4;2856,4;501,54;850,24
2023-04-25 00:00:00;Smartphone;Este;1088;Tienda física;1097,14;3;3291,42;596,13;1503,03
2023-04-04 00:00:00;Impresora;Norte;1058;Tienda física;243,5;5;1217,5;140,81;513,45
2023-06-23 00:00:00;Monitor;Sur;1042;Online;1218,31;3;3654,93;906,82;934,47
2023-02-18 00:00:00;Monitor;Este;1044;Online;1365,9;9;12293,1;774,63;5321,43
2023-08-22 00:00:00;Monitor;Oeste;1099;Call center;869,62;9;7826,58;484;3470,58
2023-01-27 00:00:00;Tablet;Norte;1026;Tienda física;1045,36;6;6272,16;768,19;1663,02
2023-02-19 00:00:00;Tablet;Oeste;1093;Tienda física;1360,17;1;1360,17;1077,41;282,76
2023-04-25 00:00:00;Smartphone;Oeste;1087;Tienda física;773,26;2;1546,52;492,32;561,88
2023-08-02 00:00:00;Laptop;Sur;1052;Tienda física;1458,03;1;1458,03;1105,23;352,8
2023-04-17 00:00:00;Monitor;Oeste;1028;Call center;1213,08;5;6065,4;826,45;1933,15
2023-12-19 00:00:00;Impresora;Sur;1064;Tienda física;343,3;3;1029,9;203,84;418,38
2023-01-25 00:00:00;Impresora;Este;1043;Tienda física;1190,72;6;7144,32;679,93;3064,74
2023-03-18 00:00:00;Laptop;Norte;1064;Tienda física;215,23;8;1721,84;121,1;753,04
2023-01-04 00:00:00;Smartphone;Oeste;1037;Online;1437,69;5;7188,45;721,33;3581,8
2023-07-05 00:00:00;Tablet;Este;1054;Tienda física;1276,43;2;2552,86;1006,55;539,76
2023-02-22 00:00:00;Laptop;Oeste;1078;Tienda física;981,64;5;4908,2;774,51;1035,65
2023-12-12 00:00:00;Laptop;Este;1042;Call center;348,5;7;2439,5;265,51;580,93
2023-07-24 00:00:00;Laptop;Este;1060;Call center;1133,51;3;3400,53;772,57;1082,82
2023-07-14 00:00:00;Smartphone;Este;1010;Tienda física;145,12;2;290,24;103,93;82,38
2023-03-02 00:00:00;Tablet;Oeste;1084;Call center;1283,71;7;8985,97;770,96;3589,25
2023-08-02 00:00:00;Monitor;Sur;1068;Call center;170,75;2;341,5;125,2;91,1
2023-01-05 00:00:00;Monitor;Oeste;1025;Online;1333,81;4;5335,24;706,49;2509,28
2023-10-28 00:00:00;Smartphone;Norte;1052;Online;1161,07;9;10449,63;877,84;2549,07
2023-05-13 00:00:00;Tablet;Oeste;1065;Call center;178,84;6;1073,04;140,2;231,84
2023-09-29 00:00:00;Impresora;Norte;1067;Online;467,84;2;935,68;260,4;414,88
2023-07-23 00:00:00;Monitor;Oeste;1031;Call center;327,41;6;1964,46;239,71;526,2
2023-06-03 00:00:00;Laptop;Este;1058;Tienda física;1294,29;5;6471,45;796,99;2486,5
2023-03-30 00:00:00;Smartphone;Sur;1058;Online;538,38;9;4845,42;392,58;1312,2
2023-12-12 00:00:00;Laptop;Este;1045;Call center;506,28;3;1518,84;333,29;518,97
2023-12-30 00:00:00;Monitor;Este;1027;Tienda física;738,7;2;1477,4;393,03;691,34
2023-03-07 00:00:00;Monitor;Este;1059;Online;1088,21;4;4352,84;806,08;1128,52
2023-01-11 00:00:00;Tablet;Sur;1020;Tienda física;779,34;1;779,34;591,84;187,5
2023-03-07 00:00:00;Tablet;Norte;1094;Online;1025,43;6;6152,58;674,34;2106,54
2023-04-15 00:00:00;Impresora;Este;1014;Online;302;2;604;198,2;207,6
2023-05-25 00:00:00;Smartphone;Este;1042;Call center;187,26;4;749,04;105,75;326,04
2023-04-07 00:00:00;Monitor;Sur;1015;Call center;182,24;7;1275,68;113,64;480,2
2023-03-17 00:00:00;Impresora;Este;1022;Online;820,44;7;5743,08;551,16;1884,96
2023-11-09 00:00:00;Smartphone;Este;1030;Tienda física;124,83;8;998,64;80,23;356,8
2023-09-04 00:00:00;Smartphone;Este;1081;Call center;1022,6;3;3067,8;605,46;1251,42
2023-02-21 00:00:00;Tablet;Sur;1007;Tienda física;388,05;5;1940,25;247,92;700,65
2023-02-21 00:00:00;Tablet;Oeste;1096;Call center;1348,78;3;4046,34;960,44;1165,02
2023-12-29 00:00:00;Tablet;Norte;1072;Online;1027,01;5;5135,05;783,92;1215,45
2023-10-03 00:00:00;Impresora;Sur;1006;Call center;684,42;3;2053,26;503,27;543,45
2023-11-29 00:00:00;Laptop;Oeste;1096;Call center;167,69;9;1509,21;124,53;388,44
2023-07-18 00:00:00;Laptop;Oeste;1071;Online;420,95;9;3788,55;230,01;1718,46
2023-11-14 00:00:00;Impresora;Este;1028;Call center;1304,21;9;11737,89;802,94;4511,43
2023-08-21 00:00:00;Impresora;Norte;1087;Call center;1496,39;1;1496,39;1097,76;398,63
2023-10-21 00:00:00;Impresora;Oeste;1035;Online;1050,44;3;3151,32;746,62;911,46
2023-02-21 00:00:00;Tablet;Este;1014;Online;554,77;2;1109,54;380,99;347,56
2023-06-11 00:00:00;Monitor;Norte;1018;Online;677,64;3;2032,92;467,07;631,71
2023-01-22 00:00:00;Laptop;Este;1010;Call center;1069,08;1;1069,08;802,15;266,93
2023-04-28 00:00:00;Laptop;Sur;1024;Online;653,01;8;5224,08;416,22;1894,32
2023-09-17 00:00:00;Tablet;Norte;1074;Tienda física;121,6;2;243,2;76,02;91,16
2023-03-03 00:00:00;Tablet;Norte;1019;Tienda física;1078,42;6;6470,52;602,51;2855,46
2023-06-15 00:00:00;Laptop;Sur;1069;Online;1347,16;4;5388,64;915,18;1727,92
2023-12-31 00:00:00;Laptop;Sur;1042;Tienda física;1020,18;3;3060,54;709,97;930,63
2023-01-21 00:00:00;Impresora;Sur;1036;Tienda física;793,24;8;6345,92;575,51;1741,84
2023-07-15 00:00:00;Tablet;Sur;1021;Tienda física;1079,17;8;8633,36;605,56;3788,88
2023-03-11 00:00:00;Impresora;Oeste;1051;Online;1448,22;4;5792,88;956,32;1967,6
2023-11-11 00:00:00;Monitor;Oeste;1081;Call center;1084,15;3;3252,45;861,76;667,17
2023-02-12 00:00:00;Impresora;Sur;1026;Online;1466,08;6;8796,48;906,97;3354,66
2023-03-12 00:00:00;Impresora;Sur;1019;Call center;894,52;1;894,52;657,1;237,42
2023-04-07 00:00:00;Laptop;Este;1028;Tienda física;495;1;495;365,45;129,55
2023-06-22 00:00:00;Tablet;Este;1091;Tienda física;678,59;7;4750,13;531,41;1030,26
2023-10-07 00:00:00;Tablet;Este;1023;Tienda física;647,05;8;5176,4;439,65;1659,2
2023-09-14 00:00:00;Impresora;Oeste;1002;Online;580,13;6;3480,78;424,39;934,44
2023-10-19 00:00:00;Tablet;Este;1025;Tienda física;603,45;9;5431,05;460,24;1288,89
2023-09-26 00:00:00;Impresora;Sur;1060;Tienda física;1282,15;9;11539,35;806,41;4281,66
2023-12-23 00:00:00;Tablet;Sur;1039;Tienda física;1295,24;4;5180,96;958,12;1348,48
2023-03-04 00:00:00;Impresora;Norte;1009;Online;373,52;2;747,04;220,91;305,22
2023-05-15 00:00:00;Impresora;Oeste;1086;Call center;1396,75;6;8380,5;841,76;3329,94
2023-01-29 00:00:00;Smartphone;Oeste;1075;Call center;495,75;5;2478,75;312,23;917,6
2023-05-15 00:00:00;Tablet;Sur;1088;Tienda física;265,24;6;1591,44;203,92;367,92
2023-11-19 00:00:00;Laptop;Sur;1070;Online;606,18;5;3030,9;441,27;824,55
2023-04-11 00:00:00;Laptop;Norte;1009;Call center;471,78;8;3774,24;303,31;1347,76
2023-07-31 00:00:00;Monitor;Norte;1061;Online;373,91;2;747,82;265,2;217,42
2023-05-29 00:00:00;Monitor;Sur;1058;Tienda física;1498,67;9;13488,03;1191,69;2762,82
2023-12-12 00:00:00;Monitor;Norte;1068;Tienda física;748,44;3;2245,32;380,25;1104,57
2023-07-12 00:00:00;Monitor;Sur;1065;Tienda física;558,44;3;1675,32;430,1;385,02
2023-01-16 00:00:00;Impresora;Sur;1018;Online;1245,49;1;1245,49;686,52;558,97
2023-02-23 00:00:00;Tablet;Norte;1035;Online;973,25;3;2919,75;679,51;881,22
2023-03-03 00:00:00;Monitor;Sur;1064;Call center;695,17;2;1390,34;436,95;516,44
2023-06-01 00:00:00;Monitor;Norte;1041;Call center;144,52;5;722,6;96,73;238,95
2023-04-05 00:00:00;Tablet;Norte;1013;Tienda física;772;3;2316;583,03;566,91
2023-06-30 00:00:00;Laptop;Este;1082;Online;540,21;1;540,21;414,71;125,5
2023-01-12 00:00:00;Monitor;Oeste;1069;Tienda física;1352,17;1;1352,17;864,35;487,82
2023-07-10 00:00:00;Tablet;Norte;1087;Online;1486,94;8;11895,52;937,63;4394,48
2023-11-02 00:00:00;Tablet;Norte;1030;Tienda física;149,54;9;1345,86;77,82;645,48
2023-12-16 00:00:00;Impresora;Sur;1030;Online;261,69;9;2355,21;165,74;863,55
2023-07-30 00:00:00;Impresora;Sur;1056;Tienda física;536,3;6;3217,8;355,58;1084,32
2023-09-08 00:00:00;Impresora;Oeste;1032;Online;720,78;2;1441,56;398,28;645
2023-04-16 00:00:00;Smartphone;Este;1013;Call center;677,46;8;5419,68;486,12;1530,72
2023-02-24 00:00:00;Smartphone;Este;1053;Call center;1352,51;6;8115,06;844,64;3047,22
2023-09-26 00:00:00;Impresora;Oeste;1001;Call center;434,63;6;2607,78;263,69;1025,64
2023-09-06 00:00:00;Monitor;Oeste;1045;Tienda física;665,23;7;4656,61;453,44;1482,53
2023-12-03 00:00:00;Laptop;Oeste;1069;Call center;569,59;2;1139,18;443,07;253,04
2023-11-28 00:00:00;Impresora;Este;1098;Call center;269,92;2;539,84;195,1;149,64
2023-06-09 00:00:00;Impresora;Sur;1057;Tienda física;776,07;6;4656,42;416,96;2154,66
2023-09-20 00:00:00;Tablet;Norte;1067;Online;909,04;8;7272,32;686,84;1777,6
2023-12-09 00:00:00;Monitor;Este;1041;Call center;135,26;4;541,04;105,93;117,32
2023-01-07 00:00:00;Impresora;Este;1049;Call center;1334,98;6;8009,88;832,43;3015,3
2023-06-05 00:00:00;Tablet;Oeste;1016;Online;1377,15;3;4131,45;995,88;1143,81
2023-07-21 00:00:00;Tablet;Norte;1077;Online;1449,7;8;11597,6;1139,28;2483,36
2023-03-31 00:00:00;Monitor;Norte;1035;Call center;879,45;1;879,45;554,18;325,27
2023-03-14 00:00:00;Impresora;Oeste;1012;Tienda física;914,81;6;5488,86;692,84;1331,82
2023-09-19 00:00:00;Laptop;Norte;1079;Online;927,03;6;5562,18;722,69;1226,04
2023-08-29 00:00:00;Monitor;Este;1085;Call center;877,45;3;2632,35;636,19;723,78
2023-02-11 00:00:00;Smartphone;Oeste;1052;Online;557,77;7;3904,39;310,93;1727,88
2023-10-24 00:00:00;Tablet;Norte;1000;Call center;1117,02;4;4468,08;582,65;2137,48
2023-08-15 00:00:00;Smartphone;Sur;1023;Tienda física;543;9;4887;374,28;1518,48
2023-04-28 00:00:00;Smartphone;Oeste;1049;Tienda física;835,69;2;1671,38;667,32;336,74
2023-04-18 00:00:00;Impresora;Oeste;1080;Call center;337,03;9;3033,27;203,47;1202,04
2023-07-21 00:00:00;Laptop;Norte;1028;Call center;958,12;9;8623,08;612,2;3113,28
2023-11-13 00:00:00;Monitor;Este;1047;Online;1067,43;7;7472,01;822,47;1714,72
2023-11-03 00:00:00;Tablet;Oeste;1014;Call center;1343,96;7;9407,72;684,1;4619,02
2023-08-31 00:00:00;Impresora;Este;1091;Call center;1187,01;8;9496,08;787,88;3193,04
2023-08-26 00:00:00;Smartphone;Oeste;1002;Online;1257,12;8;10056,96;876,18;3047,52
2023-04-20 00:00:00;Monitor;Sur;1026;Tienda física;331,2;3;993,6;238,08;279,36
2023-05-26 00:00:00;Monitor;Oeste;1044;Tienda física;397,63;7;2783,41;266,38;918,75
2023-08-20 00:00:00;Monitor;Este;1083;Tienda física;1489,39;6;8936,34;1043,79;2673,6
2023-08-07 00:00:00;Laptop;Este;1028;Online;470,59;2;941,18;266,61;407,96
2023-09-08 00:00:00;Laptop;Sur;1093;Online;1356,01;7;9492,07;733,61;4356,8
2023-08-06 00:00:00;Monitor;Este;1088;Call center;1414,52;6;8487,12;1093,36;1926,96
2023-01-29 00:00:00;Laptop;Norte;1020;Online;913,13;6;5478,78;588,58;1947,3
2023-02-19 00:00:00;Monitor;Este;1011;Online;501,43;8;4011,44;340,22;1289,68
2023-03-04 00:00:00;Laptop;Este;1095;Tienda física;1459,4;6;8756,4;1095,63;2182,62
2023-05-26 00:00:00;Tablet;Sur;1018;Tienda física;765,22;7;5356,54;572,33;1350,23
2023-11-02 00:00:00;Laptop;Este;1086;Tienda física;669,48;9;6025,32;479,35;1711,17
2023-03-21 00:00:00;Smartphone;Norte;1043;Online;315,22;9;2836,98;239,99;677,07
2023-07-08 00:00:00;Impresora;Norte;1091;Call center;789,4;4;3157,6;521,36;1072,16
2023-07-08 00:00:00;Laptop;Este;1009;Call center;874,65;2;1749,3;567,47;614,36
2023-05-24 00:00:00;Smartphone;Este;1048;Online;1217,21;4;4868,84;713,91;2013,2
2023-10-31 00:00:00;Laptop;Oeste;1062;Tienda física;345,85;4;1383,4;218,64;508,84
2023-07-31 00:00:00;Impresora;Norte;1061;Online;1195,46;8;9563,68;641,75;4429,68
2023-01-19 00:00:00;Smartphone;Oeste;1026;Online;111,08;2;222,16;82,23;57,7
2023-07-28 00:00:00;Impresora;Sur;1005;Online;496,05;1;496,05;288,03;208,02
2023-08-15 00:00:00;Smartphone;Este;1025;Tienda física;1321,16;7;9248,12;1008,78;2186,66
2023-09-02 00:00:00;Laptop;Oeste;1043;Tienda física;1385,56;4;5542,24;733,56;2608
2023-12-18 00:00:00;Smartphone;Norte;1069;Tienda física;801,76;5;4008,8;414,87;1934,45
2023-10-05 00:00:00;Laptop;Sur;1016;Call center;561,48;7;3930,36;293,84;1873,48
2023-12-27 00:00:00;Tablet;Oeste;1033;Call center;1434,16;3;4302,48;905,12;1587,12
2023-11-22 00:00:00;Laptop;Este;1006;Online;885,04;1;885,04;658,2;226,84
2023-01-16 00:00:00;Impresora;Sur;1027;Online;502,1;6;3012,6;350,03;912,42
2023-07-08 00:00:00;Impresora;Sur;1091;Call center;466,14;2;932,28;368,49;195,3
2023-08-19 00:00:00;Monitor;Oeste;1044;Online;1121,78;3;3365,34;753,09;1106,07
2023-04-23 00:00:00;Laptop;Oeste;1000;Call center;1187,13;5;5935,65;823,36;1818,85
2023-07-09 00:00:00;Laptop;Oeste;1043;Call center;250,59;8;2004,72;131,43;953,28
2023-03-14 00:00:00;Impresora;Este;1094;Call center;304,11;7;2128,77;198,36;740,25
2023-03-14 00:00:00;Smartphone;Norte;1023;Online;351,79;6;2110,74;243,59;649,2
2023-02-07 00:00:00;Impresora;Oeste;1073;Call center;136,4;8;1091,2;108,31;224,72
2023-01-06 00:00:00;Monitor;Sur;1007;Tienda física;277,05;5;1385,25;217,05;300
2023-12-24 00:00:00;Tablet;Oeste;1049;Online;187,54;5;937,7;129,93;288,05
2023-10-24 00:00:00;Smartphone;Oeste;1008;Call center;968,91;1;968,91;613,72;355,19
2023-01-15 00:00:00;Impresora;Este;1061;Online;483,41;7;3383,87;321,77;1131,48
2023-01-07 00:00:00;Laptop;Sur;1014;Call center;875,55;4;3502,2;663,08;849,88
2023-07-03 00:00:00;Laptop;Sur;1069;Tienda física;288,29;7;2018,03;187,81;703,36
2023-01-23 00:00:00;Monitor;Sur;1075;Online;332,02;4;1328,08;198,47;534,2
2023-02-14 00:00:00;Smartphone;Oeste;1015;Online;814,65;4;3258,6;422,43;1568,88
2023-12-02 00:00:00;Laptop;Oeste;1042;Tienda física;933,17;7;6532,19;505,86;2991,17
2023-04-20 00:00:00;Tablet;Sur;1013;Online;352,3;8;2818,4;201,2;1208,8
2023-10-03 00:00:00;Smartphone;Norte;1024;Call center;1415,95;1;1415,95;1027,21;388,74
2023-12-31 00:00:00;Monitor;Sur;1041;Tienda física;302,41;9;2721,69;204,07;885,06
2023-08-20 00:00:00;Laptop;Norte;1086;Tienda física;592,82;2;1185,64;307,99;569,66
2023-12-21 00:00:00;Smartphone;Oeste;1087;Call center;1199,95;8;9599,6;736,87;3704,64
2023-05-06 00:00:00;Tablet;Sur;1052;Call center;1039,84;4;4159,36;636,13;1614,84
2023-07-25 00:00:00;Monitor;Norte;1081;Online;852,26;5;4261,3;610,66;1208
2023-10-23 00:00:00;Monitor;Oeste;1014;Tienda física;367,38;6;2204,28;277,41;539,82
2023-12-20 00:00:00;Tablet;Norte;1059;Tienda física;722,32;1;722,32;536,07;186,25
2023-11-14 00:00:00;Impresora;Oeste;1004;Online;1044,33;3;3132,99;752,94;874,17
2023-01-06 00:00:00;Laptop;Oeste;1062;Online;505,31;8;4042,48;308,18;1577,04
2023-07-28 00:00:00;Laptop;Oeste;1035;Tienda física;1200,47;5;6002,35;956,51;1219,8
2023-03-01 00:00:00;Laptop;Sur;1025;Online;1097,99;6;6587,94;839,11;1553,28
2023-03-13 00:00:00;Smartphone;Este;1012;Tienda física;441,09;1;441,09;326,03;115,06
2023-07-25 00:00:00;Impresora;Sur;1053;Call center;1492,18;4;5968,72;1056,63;1742,2
2023-04-20 00:00:00;Monitor;Oeste;1063;Tienda física;1027,12;6;6162,72;581,52;2673,6
2023-05-09 00:00:00;Impresora;Este;1020;Online;913,54;4;3654,16;629,58;1135,84
2023-03-27 00:00:00;Monitor;Norte;1035;Online;182,9;6;1097,4;127,35;333,3
2023-08-06 00:00:00;Impresora;Este;1056;Tienda física;431,32;5;2156,6;282,1;746,1
2023-04-29 00:00:00;Smartphone;Norte;1007;Tienda física;1331,66;8;10653,28;673,12;5268,32
2023-05-06 00:00:00;Smartphone;Este;1030;Tienda física;1141,27;2;2282,54;820,26;642,02
2023-10-22 00:00:00;Impresora;Sur;1076;Call center;826,93;6;4961,58;455,48;2228,7
2023-02-10 00:00:00;Monitor;Sur;1090;Online;141,65;8;1133,2;105,93;285,76
2023-03-10 00:00:00;Impresora;Sur;1048;Tienda física;1252,16;8;10017,28;739,48;4101,44
2023-07-04 00:00:00;Monitor;Norte;1089;Online;778,09;5;3890,45;433,51;1722,9
2023-05-23 00:00:00;Monitor;Este;1095;Call center;279,65;6;1677,9;144,96;808,14
2023-05-16 00:00:00;Monitor;Sur;1020;Online;1256,63;4;5026,52;836,19;1681,76
2023-01-21 00:00:00;Impresora;Este;1086;Online;190,08;1;190,08;105,85;84,23
2023-11-02 00:00:00;Tablet;Norte;1060;Tienda física;934,64;3;2803,92;709,06;676,74
2023-03-01 00:00:00;Monitor;Este;1089;Online;1065,16;4;4260,64;828,06;948,4
2023-12-01 00:00:00;Smartphone;Este;1011;Online;816,46;6;4898,76;550,41;1596,3
2023-08-15 00:00:00;Smartphone;Sur;1016;Call center;239,92;5;1199,6;170,37;347,75
2023-05-03 00:00:00;Smartphone;Norte;1054;Call center;415,18;5;2075,9;219,77;977,05
2023-02-02 00:00:00;Laptop;Oeste;1028;Online;1062,4;8;8499,2;616,85;3564,4
2023-01-01 00:00:00;Smartphone;Norte;1038;Call center;1267,71;3;3803,13;969,6;894,33
2023-09-10 00:00:00;Tablet;Norte;1000;Call center;754,2;9;6787,8;562,16;1728,36
2023-08-07 00:00:00;Monitor;Sur;1075;Call center;1042,28;5;5211,4;742,57;1498,55
2023-02-08 00:00:00;Smartphone;Este;1083;Online;1429,65;2;2859,3;949,75;959,8
2023-05-02 00:00:00;Smartphone;Sur;1081;Call center;1098,84;6;6593,04;834,6;1585,44
2023-12-07 00:00:00;Monitor;Sur;1089;Online;1396,89;2;2793,78;828,15;1137,48
2023-11-01 00:00:00;Smartphone;Norte;1089;Call center;913,33;8;7306,64;623,78;2316,4
2023-10-10 00:00:00;Laptop;Norte;1008;Online;203,8;9;1834,2;104,54;893,34
2023-04-08 00:00:00;Laptop;Oeste;1011;Online;838,86;3;2516,58;480,97;1073,67
2023-10-15 00:00:00;Laptop;Este;1017;Call center;226,32;4;905,28;165,42;243,6
2023-11-07 00:00:00;Impresora;Este;1006;Call center;1061,7;2;2123,4;749,78;623,84
2023-09-12 00:00:00;Impresora;Norte;1073;Tienda física;688,21;8;5505,68;491,63;1572,64
2023-04-27 00:00:00;Laptop;Sur;1081;Tienda física;489,17;3;1467,51;339,96;447,63
2023-09-10 00:00:00;Monitor;Sur;1038;Online;1111,66;5;5558,3;678,46;2166
2023-08-12 00:00:00;Laptop;Norte;1042;Call center;423,7;7;2965,9;226,55;1380,05
2023-05-02 00:00:00;Smartphone;Oeste;1081;Tienda física;1296,05;5;6480,25;959,92;1680,65
2023-05-20 00:00:00;Laptop;Norte;1078;Online;282,33;2;564,66;183,75;197,16
2023-04-04 00:00:00;Tablet;Oeste;1065;Call center;448,7;9;4038,3;258,41;1712,61
2023-07-14 00:00:00;Laptop;Sur;1044;Online;836,87;6;5021,22;593,38;1460,94
2023-08-06 00:00:00;Smartphone;Este;1056;Tienda física;1015,91;6;6095,46;577,3;2631,66
2023-01-03 00:00:00;Laptop;Sur;1081;Call center;961,9;8;7695,2;637,86;2592,32
2023-12-05 00:00:00;Monitor;Norte;1054;Online;482,56;3;1447,68;270,87;635,07
2023-11-03 00:00:00;Impresora;Sur;1016;Call center;784,67;9;7062,03;545,76;2150,19
2023-02-17 00:00:00;Laptop;Sur;1022;Online;838,63;8;6709,04;507,73;2647,2
2023-10-11 00:00:00;Smartphone;Oeste;1047;Online;112,65;5;563,25;82,39;151,3
2023-04-02 00:00:00;Tablet;Este;1013;Tienda física;731,83;2;1463,66;554,24;355,18
2023-11-11 00:00:00;Tablet;Sur;1066;Call center;421,03;1;421,03;273,71;147,32
2023-04-17 00:00:00;Tablet;Este;1009;Tienda física;402,9;6;2417,4;258,4;867
2023-11-19 00:00:00;Monitor;Sur;1065;Call center;1394,04;2;2788,08;954,61;878,86
2023-09-28 00:00:00;Smartphone;Sur;1002;Online;1499,03;4;5996,12;892,87;2424,64
2023-11-28 00:00:00;Impresora;Norte;1041;Call center;803,16;5;4015,8;416,87;1931,45
2023-04-26 00:00:00;Monitor;Oeste;1054;Online;138,08;4;552,32;93,08;180
2023-02-02 00:00:00;Tablet;Este;1098;Online;1045,93;5;5229,65;583,73;2311
2023-09-28 00:00:00;Laptop;Norte;1086;Online;394,37;3;1183,11;299,29;285,24
2023-04-03 00:00:00;Monitor;Norte;1065;Tienda física;885,78;6;5314,68;527,66;2148,72
2023-11-27 00:00:00;Smartphone;Norte;1091;Tienda física;281,59;4;1126,36;158,98;490,44
2023-05-08 00:00:00;Monitor;Oeste;1028;Call center;1207,41;8;9659,28;956,75;2005,28
2023-08-01 00:00:00;Tablet;Sur;1098;Call center;1045,31;6;6271,86;594,73;2703,48
2023-01-29 00:00:00;Impresora;Sur;1082;Tienda física;1077,69;4;4310,76;655,41;1689,12
2023-10-15 00:00:00;Impresora;Este;1025;Online;860,71;4;3442,84;514,16;1386,2
2023-06-16 00:00:00;Tablet;Sur;1001;Call center;184,58;8;1476,64;130,84;429,92
2023-03-24 00:00:00;Monitor;Oeste;1034;Tienda física;1491,34;8;11930,72;1153;2706,72
2023-07-23 00:00:00;Impresora;Sur;1082;Call center;1215,62;5;6078,1;765,11;2252,55
2023-02-26 00:00:00;Monitor;Oeste;1004;Online;428,45;6;2570,7;288,75;838,2
2023-05-17 00:00:00;Tablet;Sur;1087;Tienda física;361,32;8;2890,56;209,36;1215,68
2023-10-13 00:00:00;Smartphone;Norte;1074;Call center;1336,79;9;12031,11;1036,64;2701,35
2023-08-27 00:00:00;Smartphone;Sur;1072;Tienda física;190,71;4;762,84;131,77;235,76
2023-02-16 00:00:00;Tablet;Oeste;1093;Online;553,62;3;1660,86;407,86;437,28
2023-09-09 00:00:00;Monitor;Norte;1047;Tienda física;1119,84;8;8958,72;847,44;2179,2
2023-01-26 00:00:00;Monitor;Este;1060;Call center;742,53;2;1485,06;454,84;575,38
2023-01-10 00:00:00;Monitor;Este;1007;Tienda física;1444,58;5;7222,9;943,76;2504,1
2023-11-28 00:00:00;Monitor;Este;1065;Call center;565,99;3;1697,97;342,75;669,72
2023-07-19 00:00:00;Smartphone;Este;1066;Online;1441,47;6;8648,82;875,9;3393,42
2023-04-27 00:00:00;Laptop;Sur;1026;Call center;242,17;1;242,17;187,87;54,3
2023-04-14 00:00:00;Smartphone;Sur;1061;Call center;129,85;3;389,55;70,44;178,23
2023-03-12 00:00:00;Smartphone;Norte;1066;Call center;1125,33;4;4501,32;567,98;2229,4
2023-06-30 00:00:00;Impresora;Oeste;1010;Call center;350,37;8;2802,96;213,6;1094,16
2023-11-25 00:00:00;Smartphone;Norte;1083;Online;303,64;7;2125,48;199,7;727,58
2023-10-11 00:00:00;Monitor;Norte;1044;Tienda física;1405,32;1;1405,32;751,82;653,5
2023-05-19 00:00:00;Monitor;Oeste;1060;Online;1267,3;5;6336,5;772,57;2473,65
2023-07-29 00:00:00;Monitor;Sur;1087;Tienda física;1459,71;2;2919,42;816,52;1286,38
2023-04-09 00:00:00;Impresora;Oeste;1074;Call center;166,25;1;166,25;115,66;50,59
2023-05-08 00:00:00;Tablet;Norte;1057;Online;141,09;1;141,09;83,84;57,25
2023-05-05 00:00:00;Impresora;Sur;1065;Tienda física;1208,96;3;3626,88;774,44;1303,56
2023-04-11 00:00:00;Monitor;Oeste;1080;Tienda física;1212,48;9;10912,32;847,4;3285,72
2023-10-22 00:00:00;Laptop;Norte;1019;Tienda física;1436,33;3;4308,99;773,38;1988,85
2023-05-16 00:00:00;Tablet;Norte;1031;Online;325,65;8;2605,2;176,47;1193,44
2023-04-23 00:00:00;Tablet;Sur;1078;Call center;1467,34;9;13206,06;1104,74;3263,4
2023-10-11 00:00:00;Monitor;Norte;1069;Call center;625,25;8;5002;383,43;1934,56
2023-01-23 00:00:00;Smartphone;Norte;1020;Tienda física;1289,33;3;3867,99;787,83;1504,5
2023-07-07 00:00:00;Impresora;Este;1037;Call center;704,89;3;2114,67;487,31;652,74
2023-08-15 00:00:00;Impresora;Oeste;1056;Call center;1287,67;1;1287,67;930,24;357,43
2023-11-30 00:00:00;Tablet;Sur;1019;Online;110,18;1;110,18;86,59;23,59
2023-10-16 00:00:00;Tablet;Sur;1010;Tienda física;1187,44;7;8312,08;881,24;2143,4
2023-10-02 00:00:00;Smartphone;Norte;1087;Call center;1040,34;7;7282,38;735,2;2135,98
2023-10-25 00:00:00;Monitor;Oeste;1073;Call center;1153,09;1;1153,09;806,77;346,32
2023-10-28 00:00:00;Smartphone;Este;1010;Call center;648,18;9;5833,62;412,57;2120,49
2023-12-09 00:00:00;Smartphone;Norte;1072;Call center;814,2;3;2442,6;420,82;1180,14
2023-10-24 00:00:00;Impresora;Norte;1086;Tienda física;191,26;4;765,04;144,75;186,04
2023-07-06 00:00:00;Impresora;Este;1020;Tienda física;1421,92;8;11375,36;935,32;3892,8
2023-09-13 00:00:00;Tablet;Oeste;1090;Online;1211,23;6;7267,38;629,55;3490,08
2023-02-28 00:00:00;Monitor;Norte;1027;Call center;1149,91;7;8049,37;705,79;3108,84
2023-05-30 00:00:00;Impresora;Sur;1078;Online;1222,86;5;6114,3;899,68;1615,9
2023-11-19 00:00:00;Tablet;Este;1098;Tienda física;532,43;3;1597,29;299,44;698,97
2023-11-23 00:00:00;Monitor;Norte;1018;Call center;256,62;9;2309,58;151,22;948,6
2023-05-26 00:00:00;Tablet;Este;1045;Online;903,45;3;2710,35;630,55;818,7
2023-05-28 00:00:00;Impresora;Este;1021;Tienda física;1165,98;1;1165,98;690,84;475,14
2023-06-07 00:00:00;Monitor;Oeste;1093;Online;340,68;6;2044,08;208,58;792,6
2023-10-09 00:00:00;Impresora;Este;1091;Call center;604,48;3;1813,44;303,8;902,04
2023-04-08 00:00:00;Tablet;Este;1025;Online;514,89;7;3604,23;314,57;1402,24
2023-10-16 00:00:00;Impresora;Sur;1038;Call center;833,74;6;5002,44;571,14;1575,6
2023-06-22 00:00:00;Laptop;Oeste;1038;Tienda física;793,61;3;2380,83;475,33;954,84
2023-09-25 00:00:00;Laptop;Norte;1009;Tienda física;1186,01;9;10674,09;693,17;4435,56
2023-06-28 00:00:00;Smartphone;Sur;1048;Tienda física;354,54;9;3190,86;259,95;851,31
2023-09-14 00:00:00;Tablet;Oeste;1049;Tienda física;461,12;9;4150,08;364,49;869,67
2023-01-07 00:00:00;Impresora;Oeste;1021;Online;1464,8;7;10253,6;911,63;3872,19
2023-01-14 00:00:00;Impresora;Este;1070;Tienda física;886,7;8;7093,6;458,17;3428,24
2023-01-06 00:00:00;Tablet;Oeste;1026;Online;985,68;6;5914,08;702,86;1696,92
2023-04-12 00:00:00;Impresora;Oeste;1037;Online;239,94;8;1919,52;156,57;666,96
2023-07-09 00:00:00;Laptop;Sur;1097;Call center;1396,84;8;11174,72;1100,61;2369,84
2023-11-13 00:00:00;Monitor;Oeste;1040;Online;594,5;4;2378;383,98;842,08
2023-05-20 00:00:00;Smartphone;Oeste;1098;Call center;947,94;3;2843,82;716,64;693,9
2023-06-25 00:00:00;Monitor;Oeste;1002;Call center;1073,43;9;9660,87;567,6;4552,47
2023-04-01 00:00:00;Monitor;Sur;1008;Call center;1129,71;1;1129,71;625,06;504,65
2023-04-09 00:00:00;Impresora;Oeste;1036;Online;1429,98;1;1429,98;748,75;681,23
2023-08-17 00:00:00;Laptop;Oeste;1000;Online;684,88;1;684,88;377,36;307,52
2023-12-04 00:00:00;Smartphone;Oeste;1014;Online;788,87;3;2366,61;446,59;1026,84
2023-07-28 00:00:00;Smartphone;Norte;1059;Call center;488,34;7;3418,38;309,87;1249,29
2023-11-14 00:00:00;Laptop;Norte;1018;Online;1110,23;7;7771,61;855,08;1786,05
2023-11-13 00:00:00;Smartphone;Oeste;1015;Tienda física;1052,98;1;1052,98;753,17;299,81
2023-11-04 00:00:00;Smartphone;Sur;1033;Online;304,38;6;1826,28;222,64;490,44
2023-10-16 00:00:00;Smartphone;Norte;1003;Online;821,11;7;5747,77;639,78;1269,31
2023-11-13 00:00:00;Smartphone;Este;1000;Tienda física;826,96;7;5788,72;489,43;2362,71
2023-07-02 00:00:00;Laptop;Sur;1006;Tienda física;615,92;3;1847,76;488,68;381,72
2023-08-03 00:00:00;Laptop;Oeste;1026;Call center;1228,44;2;2456,88;798,99;858,9
2023-11-04 00:00:00;Tablet;Sur;1081;Online;1444,05;9;12996,45;1146,02;2682,27
2023-07-13 00:00:00;Tablet;Sur;1060;Online;1359,29;4;5437,16;709,59;2598,8
2023-05-25 00:00:00;Smartphone;Este;1072;Call center;1427,61;8;11420,88;1013,3;3314,48
2023-02-05 00:00:00;Laptop;Sur;1033;Online;1032,68;1;1032,68;647,66;385,02
2023-05-12 00:00:00;Monitor;Sur;1040;Tienda física;970,28;5;4851,4;671,34;1494,7
2023-10-13 00:00:00;Laptop;Sur;1022;Call center;499,64;5;2498,2;327,11;862,65
2023-05-25 00:00:00;Impresora;Este;1079;Tienda física;1489,54;8;11916,32;928,51;4488,24
2023-10-31 00:00:00;Smartphone;Este;1082;Tienda física;1429,4;1;1429,4;755,28;674,12
2023-01-30 00:00:00;Tablet;Norte;1018;Call center;370,51;7;2593,57;225,01;1018,5
2023-09-30 00:00:00;Monitor;Norte;1030;Online;1103,37;4;4413,48;869,83;934,16
2023-02-28 00:00:00;Tablet;Norte;1081;Tienda física;457,46;6;2744,76;272,64;1108,92
2023-12-12 00:00:00;Laptop;Norte;1071;Call center;392,93;1;392,93;248,69;144,24
2023-01-02 00:00:00;Impresora;Norte;1030;Online;1232,09;8;9856,72;896,11;2687,84
2023-05-27 00:00:00;Monitor;Norte;1067;Call center;1004,08;9;9036,72;764,66;2154,78
2023-11-23 00:00:00;Smartphone;Sur;1094;Online;371,43;4;1485,72;247,92;494,04
2023-02-21 00:00:00;Smartphone;Oeste;1032;Call center;1270,45;5;6352,25;665,09;3026,8
2023-12-11 00:00:00;Impresora;Oeste;1091;Tienda física;323,5;1;323,5;222,6;100,9
2023-10-14 00:00:00;Monitor;Norte;1064;Online;330,41;7;2312,87;170,94;1116,29
2023-04-23 00:00:00;Smartphone;Este;1066;Call center;1483,92;7;10387,44;766,16;5024,32
2023-11-30 00:00:00;Impresora;Sur;1052;Tienda física;493,66;8;3949,28;311,69;1455,76
2023-01-10 00:00:00;Smartphone;Oeste;1047;Tienda física;1146,83;3;3440,49;894,93;755,7
2023-10-16 00:00:00;Tablet;Sur;1094;Call center;746,18;6;4477,08;526,15;1320,18
2023-10-06 00:00:00;Laptop;Norte;1083;Call center;695,78;4;2783,12;374,73;1284,2
2023-12-05 00:00:00;Impresora;Este;1079;Tienda física;114,48;2;228,96;83,11;62,74
2023-06-01 00:00:00;Laptop;Norte;1046;Tienda física;1016,93;4;4067,72;805,06;847,48
2023-09-22 00:00:00;Impresora;Sur;1034;Online;1068,84;6;6413,04;654,51;2485,98
2023-02-23 00:00:00;Impresora;Norte;1072;Call center;982,62;2;1965,24;605;755,24
2023-07-27 00:00:00;Smartphone;Este;1055;Online;451,24;8;3609,92;322,95;1026,32
2023-10-06 00:00:00;Laptop;Oeste;1088;Tienda física;431,21;4;1724,84;313,65;470,24
2023-12-25 00:00:00;Tablet;Sur;1053;Tienda física;916,87;8;7334,96;721,4;1563,76
2023-05-23 00:00:00;Impresora;Este;1083;Call center;869,49;8;6955,92;644,13;1802,88
2023-08-03 00:00:00;Smartphone;Este;1005;Tienda física;1285,92;4;5143,68;789,17;1987
2023-02-16 00:00:00;Tablet;Oeste;1090;Call center;1327,91;6;7967,46;831,31;2979,6
2023-10-03 00:00:00;Tablet;Norte;1064;Online;870,97;7;6096,79;558,47;2187,5
2023-09-26 00:00:00;Impresora;Norte;1064;Tienda física;1159,14;5;5795,7;792,8;1831,7
2023-06-18 00:00:00;Laptop;Oeste;1012;Call center;555,62;3;1666,86;294,1;784,56
2023-11-27 00:00:00;Monitor;Norte;1007;Online;111,23;4;444,92;66,6;178,52
2023-06-04 00:00:00;Tablet;Este;1060;Tienda física;493,01;1;493,01;303,97;189,04
2023-12-15 00:00:00;Laptop;Este;1056;Online;1342,11;9;12078,99;876,91;4186,8
2023-02-25 00:00:00;Laptop;Este;1008;Online;1038,37;6;6230,22;709,54;1972,98
2023-02-07 00:00:00;Monitor;Sur;1007;Call center;552,17;4;2208,68;406,44;582,92
2023-07-05 00:00:00;Smartphone;Oeste;1029;Online;504,22;2;1008,44;287,97;432,5
2023-11-11 00:00:00;Tablet;Este;1098;Call center;1317,24;1;1317,24;752,52;564,72
2023-12-21 00:00:00;Smartphone;Oeste;1075;Online;1205,64;3;3616,92;894,8;932,52
2023-11-06 00:00:00;Impresora;Oeste;1002;Tienda física;1132,42;9;10191,78;662,64;4228,02
2023-09-03 00:00:00;Tablet;Sur;1086;Call center;789,33;2;1578,66;448,21;682,24
2023-09-03 00:00:00;Monitor;Norte;1062;Online;567,39;5;2836,95;364,81;1012,9
2023-10-19 00:00:00;Laptop;Este;1013;Call center;387,58;8;3100,64;238,62;1191,68
2023-07-06 00:00:00;Impresora;Norte;1078;Tienda física;1113,3;7;7793,1;682,1;3018,4
2023-01-27 00:00:00;Laptop;Oeste;1082;Tienda física;458,44;3;1375,32;292,81;496,89
2023-01-13 00:00:00;Smartphone;Sur;1095;Tienda física;669;2;1338;392,86;552,28
2023-10-10 00:00:00;Smartphone;Oeste;1083;Call center;396,73;6;2380,38;309,35;524,28
2023-03-30 00:00:00;Impresora;Norte;1085;Call center;817,18;1;817,18;518,84;298,34
2023-05-31 00:00:00;Laptop;Norte;1020;Tienda física;1457,11;3;4371,33;772,12;2054,97
2023-01-23 00:00:00;Laptop;Norte;1036;Call center;1035,9;5;5179,5;659,91;1879,95
2023-12-05 00:00:00;Smartphone;Sur;1058;Online;1241,35;2;2482,7;695,1;1092,5
2023-02-16 00:00:00;Smartphone;Sur;1078;Online;192,72;5;963,6;111,07;408,25
2023-11-09 00:00:00;Monitor;Este;1019;Tienda física;630,44;1;630,44;336,03;294,41
2023-11-19 00:00:00;Laptop;Sur;1053;Tienda física;1163,28;7;8142,96;769,1;2759,26
2023-03-23 00:00:00;Impresora;Oeste;1011;Call center;939,2;5;4696;649,48;1448,6
2023-10-31 00:00:00;Smartphone;Sur;1061;Online;995,9;5;4979,5;750,76;1225,7
2023-11-21 00:00:00;Tablet;Sur;1064;Online;1486,23;4;5944,92;1089,94;1585,16
2023-05-08 00:00:00;Impresora;Oeste;1038;Online;474,53;9;4270,77;304,33;1531,8
2023-07-12 00:00:00;Smartphone;Norte;1085;Call center;1486,23;4;5944,92;772,35;2855,52
2023-11-16 00:00:00;Monitor;Norte;1068;Call center;593,53;7;4154,71;432,73;1125,6
2023-12-31 00:00:00;Tablet;Norte;1064;Call center;602,98;4;2411,92;390,45;850,12
2023-08-08 00:00:00;Smartphone;Oeste;1041;Tienda física;994,62;6;5967,72;756,19;1430,58
2023-07-07 00:00:00;Monitor;Norte;1082;Tienda física;643,06;4;2572,24;441,81;805
2023-07-10 00:00:00;Impresora;Sur;1002;Tienda física;1358,45;1;1358,45;946,02;412,43
2023-04-13 00:00:00;Tablet;Sur;1071;Call center;254,59;4;1018,36;173,41;324,72
2023-02-02 00:00:00;Monitor;Oeste;1064;Tienda física;587,71;1;587,71;320,83;266,88
2023-01-16 00:00:00;Tablet;Este;1070;Online;597,8;8;4782,4;464,28;1068,16
2023-06-26 00:00:00;Impresora;Este;1087;Call center;1465,6;3;4396,8;1016,68;1346,76
2023-08-28 00:00:00;Tablet;Sur;1056;Call center;573,01;4;2292,04;290,93;1128,32
2023-04-14 00:00:00;Tablet;Norte;1050;Call center;931,05;5;4655,25;696,63;1172,1
2023-02-06 00:00:00;Tablet;Oeste;1000;Tienda física;1439,49;7;10076,43;791,58;4535,37
2023-06-06 00:00:00;Impresora;Oeste;1055;Online;221,33;1;221,33;125,77;95,56
2023-09-11 00:00:00;Tablet;Norte;1049;Online;1157,11;8;9256,88;784,33;2982,24
2023-12-18 00:00:00;Monitor;Este;1005;Call center;999,16;2;1998,32;765,58;467,16
2023-07-22 00:00:00;Laptop;Oeste;1066;Online;1206,36;2;2412,72;938;536,72
2023-07-17 00:00:00;Smartphone;Este;1000;Call center;434,59;5;2172,95;270,45;820,7
2023-07-26 00:00:00;Smartphone;Oeste;1025;Online;1142,16;9;10279,44;910,94;2080,98
2023-03-13 00:00:00;Impresora;Sur;1088;Tienda física;1155,38;8;9243,04;697,15;3665,84
2023-04-17 00:00:00;Smartphone;Sur;1098;Tienda física;282,59;9;2543,31;180,13;922,14
2023-01-30 00:00:00;Laptop;Norte;1063;Call center;1198,77;4;4795,08;778,5;1681,08
2023-11-13 00:00:00;Laptop;Sur;1017;Call center;1148,92;1;1148,92;788,62;360,3
2023-07-05 00:00:00;Smartphone;Este;1052;Online;564,18;7;3949,26;356,55;1453,41
2023-10-04 00:00:00;Laptop;Oeste;1076;Online;471,71;8;3773,68;361,31;883,2
2023-10-24 00:00:00;Laptop;Sur;1064;Tienda física;353,88;9;3184,92;212,53;1272,15
2023-01-09 00:00:00;Laptop;Este;1083;Online;181,1;3;543,3;126,91;162,57
2023-02-10 00:00:00;Laptop;Norte;1019;Call center;441,06;4;1764,24;226,46;858,4
2023-11-06 00:00:00;Smartphone;Oeste;1068;Call center;1395,18;9;12556,62;783,72;5503,14
2023-08-03 00:00:00;Monitor;Sur;1057;Online;1468,49;6;8810,94;1091,2;2263,74
2023-12-14 00:00:00;Laptop;Norte;1074;Tienda física;835,87;5;4179,35;421,75;2070,6
2023-09-02 00:00:00;Laptop;Oeste;1039;Tienda física;655,11;2;1310,22;463,19;383,84
2023-07-21 00:00:00;Smartphone;Oeste;1092;Tienda física;944,31;2;1888,62;594,41;699,8
2023-11-08 00:00:00;Smartphone;Este;1057;Call center;1226,81;5;6134,05;947,76;1395,25
2023-06-26 00:00:00;Impresora;Norte;1076;Tienda física;1147,26;7;8030,82;580,47;3967,53
2023-06-05 00:00:00;Impresora;Este;1021;Online;1383,38;7;9683,66;996,02;2711,52
2023-12-11 00:00:00;Smartphone;Este;1087;Call center;611,85;9;5506,65;408,35;1831,5
2023-11-29 00:00:00;Monitor;Este;1097;Online;1316,75;8;10534;946,17;2964,64
2023-03-13 00:00:00;Impresora;Sur;1027;Call center;688,44;7;4819,08;490,15;1388,03
2023-06-02 00:00:00;Impresora;Este;1032;Online;653,47;7;4574,29;417,65;1650,74
2023-04-06 00:00:00;Tablet;Sur;1083;Call center;952,4;3;2857,2;638,33;942,21
2023-03-07 00:00:00;Impresora;Norte;1087;Call center;1004,35;7;7030,45;680,76;2265,13
2023-02-20 00:00:00;Monitor;Norte;1075;Tienda física;374,01;6;2244,06;196,3;1066,26
2023-11-30 00:00:00;Smartphone;Sur;1096;Tienda física;1494,47;4;5977,88;888,82;2422,6
2023-09-22 00:00:00;Smartphone;Sur;1001;Call center;197,88;4;791,52;100,53;389,4
2023-07-21 00:00:00;Smartphone;Norte;1015;Tienda física;1336,36;9;12027,24;779,19;5014,53
2023-06-02 00:00:00;Laptop;Sur;1029;Online;811,94;9;7307,46;501,63;2792,79
2023-09-12 00:00:00;Smartphone;Oeste;1008;Online;638,08;1;638,08;400,83;237,25
2023-12-18 00:00:00;Impresora;Oeste;1002;Call center;374,43;5;1872,15;214,87;797,8
2023-01-27 00:00:00;Tablet;Norte;1032;Online;542,65;7;3798,55;427,92;803,11
2023-09-09 00:00:00;Impresora;Sur;1001;Call center;790,13;1;790,13;453,4;336,73
2023-04-09 00:00:00;Impresora;Oeste;1097;Tienda física;1389,44;4;5557,76;931,59;1831,4
2023-04-14 00:00:00;Monitor;Sur;1012;Tienda física;536,73;8;4293,84;278,48;2066
2023-03-26 00:00:00;Impresora;Norte;1070;Online;162,69;7;1138,83;84,9;544,53
2023-08-10 00:00:00;Smartphone;Oeste;1019;Call center;612,84;7;4289,88;454,4;1109,08
2023-12-03 00:00:00;Monitor;Norte;1014;Call center;1193,95;8;9551,6;780,01;3311,52
2023-04-12 00:00:00;Monitor;Este;1067;Call center;336,04;1;336,04;233,41;102,63
2023-07-29 00:00:00;Impresora;Este;1049;Call center;339,77;3;1019,31;212,26;382,53
2023-01-30 00:00:00;Smartphone;Este;1047;Tienda física;806,34;7;5644,38;530,11;1933,61
2023-02-12 00:00:00;Smartphone;Sur;1047;Online;357,16;9;3214,44;257,73;894,87
2023-07-05 00:00:00;Impresora;Norte;1068;Tienda física;1334;7;9338;702,66;4419,38
2023-07-10 00:00:00;Tablet;Oeste;1092;Online;880,35;1;880,35;461,89;418,46
2023-07-08 00:00:00;Laptop;Este;1075;Online;574,63;2;1149,26;433,89;281,48
2023-02-20 00:00:00;Impresora;Este;1054;Tienda física;1239,27;8;9914,16;625,22;4912,4
2023-05-18 00:00:00;Tablet;Norte;1079;Tienda física;479,75;6;2878,5;244,69;1410,36
2023-01-29 00:00:00;Impresora;Norte;1020;Tienda física;1293,66;1;1293,66;926,62;367,04
2023-07-07 00:00:00;Tablet;Norte;1020;Call center;650,51;1;650,51;416,5;234,01
2023-05-21 00:00:00;Smartphone;Oeste;1033;Call center;545,81;6;3274,86;320,47;1352,04
2023-05-17 00:00:00;Tablet;Oeste;1032;Call center;1374,59;7;9622,13;790,09;4091,5
2023-11-21 00:00:00;Smartphone;Oeste;1044;Tienda física;644,58;1;644,58;405,69;238,89
2023-11-28 00:00:00;Impresora;Norte;1030;Call center;1361,88;2;2723,76;1019,78;684,2
2023-09-21 00:00:00;Tablet;Oeste;1020;Tienda física;560,6;4;2242,4;349,35;845
2023-02-09 00:00:00;Tablet;Norte;1050;Online;706,49;6;4238,94;372,24;2005,5
2023-04-30 00:00:00;Tablet;Norte;1021;Call center;571,61;4;2286,44;426,97;578,56
2023-02-01 00:00:00;Smartphone;Este;1001;Tienda física;706,32;5;3531,6;421,43;1424,45
2023-05-20 00:00:00;Tablet;Este;1065;Call center;1479,99;4;5919,96;1089,56;1561,72
2023-11-22 00:00:00;Monitor;Sur;1009;Call center;1452,42;8;11619,36;853,15;4794,16
2023-03-04 00:00:00;Impresora;Sur;1015;Call center;1064,71;8;8517,68;679,87;3078,72
2023-03-23 00:00:00;Impresora;Norte;1073;Call center;1285,78;6;7714,68;808,62;2862,96
2023-03-12 00:00:00;Tablet;Oeste;1039;Call center;607,46;9;5467,14;357,6;2248,74
2023-10-02 00:00:00;Impresora;Sur;1072;Online;1481,65;1;1481,65;812,2;669,45
2023-11-07 00:00:00;Monitor;Norte;1011;Tienda física;220,75;8;1766;172,96;382,32
2023-04-03 00:00:00;Laptop;Este;1003;Call center;812,42;3;2437,26;624,13;564,87
2023-02-10 00:00:00;Tablet;Oeste;1070;Tienda física;1338,89;5;6694,45;906,91;2159,9
2023-10-20 00:00:00;Monitor;Oeste;1040;Call center;322,13;8;2577,04;214,13;864
2023-10-02 00:00:00;Tablet;Este;1007;Tienda física;843,99;9;7595,91;602,02;2177,73
2023-11-26 00:00:00;Tablet;Oeste;1093;Tienda física;562,36;1;562,36;304,16;258,2
2023-01-03 00:00:00;Laptop;Norte;1087;Call center;1455,12;8;11640,96;1012,19;3543,44
2023-12-04 00:00:00;Tablet;Sur;1002;Call center;1019,84;3;3059,52;543,88;1427,88
2023-10-21 00:00:00;Impresora;Norte;1055;Online;688,89;8;5511,12;356,25;2661,12
2023-08-20 00:00:00;Tablet;Este;1064;Tienda física;1239,88;7;8679,16;812,72;2990,12
2023-09-15 00:00:00;Smartphone;Sur;1031;Call center;267,69;9;2409,21;205,56;559,17
2023-05-10 00:00:00;Monitor;Este;1018;Online;926,41;5;4632,05;635,65;1453,8
2023-09-05 00:00:00;Monitor;Sur;1069;Online;1362,14;8;10897,12;827,33;4278,48
2023-04-01 00:00:00;Smartphone;Norte;1077;Call center;1423,18;6;8539,08;823,58;3597,6
2023-05-13 00:00:00;Laptop;Sur;1080;Tienda física;1315,32;1;1315,32;701,4;613,92
2023-10-05 00:00:00;Smartphone;Este;1004;Online;448,93;6;2693,58;264,08;1109,1
2023-09-14 00:00:00;Impresora;Este;1025;Call center;633,23;7;4432,61;343,19;2030,28
2023-08-10 00:00:00;Tablet;Este;1080;Online;580,05;2;1160,1;360,77;438,56
2023-05-10 00:00:00;Tablet;Sur;1080;Online;699,82;8;5598,56;498,96;1606,88
2023-04-18 00:00:00;Tablet;Oeste;1030;Tienda física;937,71;7;6563,97;564,26;2614,15
2023-09-29 00:00:00;Laptop;Oeste;1087;Tienda física;1196,66;4;4786,64;742,99;1814,68
2023-06-05 00:00:00;Impresora;Norte;1041;Tienda física;340,3;9;3062,7;220,5;1078,2
2023-02-28 00:00:00;Impresora;Sur;1048;Tienda física;1138,24;8;9105,92;735,73;3220,08
2023-07-11 00:00:00;Tablet;Este;1096;Online;857,59;4;3430,36;624,94;930,6
2023-03-22 00:00:00;Laptop;Norte;1049;Call center;1237,13;3;3711,39;724,99;1536,42
2023-04-12 00:00:00;Tablet;Este;1092;Call center;160,25;7;1121,75;85,23;525,14
2023-01-09 00:00:00;Monitor;Norte;1053;Call center;1416,85;1;1416,85;837,51;579,34
2023-10-02 00:00:00;Laptop;Norte;1084;Tienda física;1259,18;2;2518,36;643,95;1230,46
2023-01-28 00:00:00;Monitor;Oeste;1022;Online;1202,25;3;3606,75;782,19;1260,18
2023-08-01 00:00:00;Monitor;Norte;1019;Call center;920,73;3;2762,19;578,78;1025,85
2023-11-20 00:00:00;Impresora;Sur;1019;Online;778,73;4;3114,92;460,88;1271,4
2023-04-20 00:00:00;Tablet;Sur;1028;Tienda física;261,26;9;2351,34;164,55;870,39
2023-01-11 00:00:00;Monitor;Oeste;1084;Tienda física;1117,25;6;6703,5;867,06;1501,14
2023-06-18 00:00:00;Monitor;Oeste;1098;Tienda física;106,16;2;212,32;57,98;96,36
2023-12-05 00:00:00;Smartphone;Sur;1059;Online;736,83;3;2210,49;381,46;1066,11
2023-06-08 00:00:00;Impresora;Norte;1096;Call center;1220,74;6;7324,44;643,94;3460,8
2023-09-01 00:00:00;Smartphone;Norte;1003;Online;813,04;1;813,04;617,57;195,47
2023-12-13 00:00:00;Laptop;Sur;1036;Tienda física;782,73;4;3130,92;405,4;1509,32
2023-04-14 00:00:00;Smartphone;Sur;1069;Online;1430,09;2;2860,18;987,15;885,88
2023-06-22 00:00:00;Tablet;Sur;1075;Online;847,55;4;3390,2;614,24;933,24
2023-12-21 00:00:00;Monitor;Oeste;1013;Online;1151,06;3;3453,18;848,14;908,76
2023-11-24 00:00:00;Monitor;Oeste;1042;Call center;767,27;2;1534,54;610,45;313,64
2023-03-03 00:00:00;Tablet;Este;1007;Call center;532,01;2;1064,02;395,92;272,18
2023-03-31 00:00:00;Impresora;Este;1042;Call center;276,32;3;828,96;155,74;361,74
2023-03-09 00:00:00;Smartphone;Norte;1085;Online;1157,12;7;8099,84;766,7;2732,94
2023-02-16 00:00:00;Monitor;Oeste;1047;Tienda física;1148,35;8;9186,8;762,07;3090,24
2023-11-12 00:00:00;Impresora;Este;1087;Online;1156,74;2;2313,48;788,01;737,46
2023-04-02 00:00:00;Impresora;Este;1024;Tienda física;1159,12;5;5795,6;860,34;1493,9
2023-04-27 00:00:00;Laptop;Sur;1054;Online;1098,36;9;9885,24;826,71;2444,85
2023-01-08 00:00:00;Smartphone;Este;1072;Call center;1028,87;8;8230,96;754,81;2192,48
2023-10-24 00:00:00;Tablet;Oeste;1043;Online;467,18;8;3737,44;311,02;1249,28
2023-12-17 00:00:00;Tablet;Este;1041;Tienda física;1073,69;7;7515,83;571,48;3515,47
2023-07-04 00:00:00;Smartphone;Sur;1091;Call center;296,08;6;1776,48;202,61;560,82
2023-11-10 00:00:00;Laptop;Sur;1036;Tienda física;721,4;6;4328,4;467,26;1524,84
2023-05-10 00:00:00;Laptop;Norte;1085;Online;1225,29;5;6126,45;877,39;1739,5
2023-08-04 00:00:00;Impresora;Sur;1095;Call center;609,64;8;4877,12;439,5;1361,12
2023-07-31 00:00:00;Smartphone;Norte;1092;Tienda física;1235,26;7;8646,82;749,64;3399,34
2023-05-11 00:00:00;Smartphone;Sur;1089;Online;860,29;5;4301,45;680,04;901,25
2023-07-20 00:00:00;Smartphone;Oeste;1056;Call center;1344,58;5;6722,9;1025,76;1594,1
2023-01-24 00:00:00;Monitor;Este;1090;Tienda física;640,21;8;5121,68;497,37;1142,72
2023-03-30 00:00:00;Impresora;Sur;1001;Call center;236,75;7;1657,25;128,78;755,79
2023-05-13 00:00:00;Tablet;Oeste;1059;Call center;1474,98;3;4424,94;907,31;1703,01
2023-02-26 00:00:00;Tablet;Oeste;1041;Tienda física;347,82;4;1391,28;272,98;299,36
2023-10-19 00:00:00;Monitor;Norte;1087;Online;1400,64;2;2801,28;846,17;1108,94
2023-08-21 00:00:00;Laptop;Este;1040;Call center;1433,97;8;11471,76;959,47;3796
2023-02-26 00:00:00;Impresora;Oeste;1081;Online;480,44;9;4323,96;337,54;1286,1
2023-12-08 00:00:00;Impresora;Oeste;1077;Tienda física;1096,46;2;2192,92;557,69;1077,54
2023-01-06 00:00:00;Smartphone;Norte;1086;Tienda física;1492,54;9;13432,86;1036,64;4103,1
2023-07-10 00:00:00;Smartphone;Este;1094;Tienda física;995,37;9;8958,33;670,86;2920,59
2023-08-23 00:00:00;Laptop;Este;1053;Online;841,64;8;6733,12;645,5;1569,12
2023-04-22 00:00:00;Tablet;Sur;1074;Call center;897,93;2;1795,86;607,28;581,3
2023-05-23 00:00:00;Monitor;Oeste;1011;Tienda física;210,39;6;1262,34;125,2;511,14
2023-08-27 00:00:00;Laptop;Norte;1051;Tienda física;934,92;1;934,92;584,11;350,81
2023-03-04 00:00:00;Monitor;Sur;1079;Call center;580,95;8;4647,6;332,32;1989,04
2023-12-16 00:00:00;Laptop;Oeste;1073;Tienda física;995,18;7;6966,26;733,78;1829,8
2023-04-26 00:00:00;Tablet;Este;1061;Call center;1021,18;7;7148,26;654,46;2567,04
2023-12-20 00:00:00;Smartphone;Oeste;1027;Online;405,49;6;2432,94;294,28;667,26
2023-12-24 00:00:00;Impresora;Oeste;1094;Tienda física;1232,95;7;8630,65;684,68;3837,89
2023-09-19 00:00:00;Tablet;Sur;1068;Tienda física;990,36;5;4951,8;669,18;1605,9
2023-12-14 00:00:00;Monitor;Este;1045;Online;547,54;3;1642,62;332,14;646,2
2023-05-17 00:00:00;Impresora;Norte;1066;Call center;703,67;9;6333,03;499,08;1841,31
2023-01-12 00:00:00;Laptop;Oeste;1095;Call center;331,11;3;993,33;227,58;310,59
2023-06-24 00:00:00;Monitor;Este;1047;Call center;699,15;7;4894,05;476,67;1557,36
2023-08-25 00:00:00;Monitor;Norte;1071;Tienda física;1440,04;3;4320,12;815,57;1873,41
2023-02-20 00:00:00;Smartphone;Oeste;1022;Tienda física;395,89;5;1979,45;273,97;609,6
2023-08-21 00:00:00;Impresora;Sur;1075;Tienda física;342,47;3;1027,41;229,41;339,18
2023-03-11 00:00:00;Impresora;Sur;1089;Tienda física;123,08;8;984,64;72,56;404,16
2023-09-03 00:00:00;Monitor;Norte;1092;Online;388,81;5;1944,05;200,58;941,15
2023-05-28 00:00:00;Monitor;Este;1089;Online;470,72;1;470,72;285,45;185,27
2023-11-28 00:00:00;Monitor;Este;1049;Tienda física;1492,98;3;4478,94;848,56;1933,26
2023-08-09 00:00:00;Smartphone;Sur;1013;Online;590,05;4;2360,2;412,52;710,12
2023-01-27 00:00:00;Smartphone;Oeste;1019;Call center;1448,8;7;10141,6;1073,14;2629,62
2023-03-05 00:00:00;Laptop;Este;1069;Tienda física;314,05;6;1884,3;200,94;678,66
2023-03-10 00:00:00;Smartphone;Este;1026;Tienda física;1176,42;1;1176,42;805,91;370,51
2023-02-27 00:00:00;Smartphone;Sur;1088;Tienda física;400,98;6;2405,88;216,61;1106,22
2023-10-18 00:00:00;Tablet;Sur;1097;Online;733,39;4;2933,56;381,88;1406,04
2023-12-15 00:00:00;Monitor;Este;1090;Online;911,51;8;7292,08;515,72;3166,32
2023-11-15 00:00:00;Monitor;Este;1005;Online;688,74;6;4132,44;467,24;1329
2023-01-02 00:00:00;Smartphone;Oeste;1032;Call center;121,97;9;1097,73;85,75;325,98
2023-08-10 00:00:00;Impresora;Oeste;1044;Call center;1294,59;1;1294,59;700,08;594,51
2023-08-21 00:00:00;Monitor;Sur;1025;Online;1302,2;9;11719,8;666,81;5718,51
2023-01-08 00:00:00;Tablet;Norte;1068;Call center;1076,8;1;1076,8;726,02;350,78
2023-11-12 00:00:00;Smartphone;Sur;1014;Call center;1471,93;5;7359,65;1070,68;2006,25
2023-03-16 00:00:00;Monitor;Norte;1076;Call center;449,18;8;3593,44;232,12;1736,48
2023-02-27 00:00:00;Laptop;Oeste;1061;Online;785,28;5;3926,4;593,66;958,1
2023-01-28 00:00:00;Impresora;Sur;1041;Tienda física;228,9;4;915,6;158,57;281,32
2023-03-09 00:00:00;Impresora;Norte;1019;Tienda física;871,15;1;871,15;490,43;380,72
2023-12-04 00:00:00;Monitor;Este;1020;Call center;1220,72;9;10986,48;617,01;5433,39
2023-09-08 00:00:00;Smartphone;Oeste;1096;Online;554,2;4;2216,8;313,75;961,8
2023-09-18 00:00:00;Smartphone;Sur;1088;Tienda física;676,6;6;4059,6;465,03;1269,42
2023-09-12 00:00:00;Laptop;Oeste;1083;Online;191,74;9;1725,66;102,36;804,42
2023-12-15 00:00:00;Smartphone;Norte;1063;Online;1437,82;6;8626,92;798,8;3834,12
2023-10-24 00:00:00;Tablet;Oeste;1087;Call center;496,79;1;496,79;269,51;227,28
2023-06-06 00:00:00;Monitor;Sur;1023;Online;840,94;1;840,94;505,19;335,75
2023-01-26 00:00:00;Laptop;Sur;1003;Online;1129,07;9;10161,63;726,89;3619,62
2023-02-10 00:00:00;Impresora;Norte;1046;Call center;1240,87;4;4963,48;929,28;1246,36
2023-05-30 00:00:00;Tablet;Norte;1034;Online;373,58;4;1494,32;234,5;556,32
2023-05-11 00:00:00;Tablet;Norte;1066;Tienda física;1323,46;5;6617,3;693,17;3151,45
2023-01-31 00:00:00;Impresora;Norte;1031;Online;1034,46;7;7241,22;685,81;2440,55
2023-09-27 00:00:00;Monitor;Norte;1010;Call center;517,81;8;4142,48;385,22;1060,72
2023-03-28 00:00:00;Smartphone;Norte;1078;Online;1466,82;3;4400,46;1156,22;931,8
2023-12-22 00:00:00;Smartphone;Norte;1033;Tienda física;217,75;6;1306,5;153,18;387,42
2023-04-15 00:00:00;Impresora;Norte;1077;Online;1291,42;3;3874,26;803,64;1463,34
2023-01-27 00:00:00;Monitor;Sur;1083;Call center;715,32;1;715,32;452,99;262,33
2023-11-08 00:00:00;Impresora;Norte;1071;Tienda física;707,51;4;2830,04;440,73;1067,12
2023-10-24 00:00:00;Laptop;Este;1049;Tienda física;983,49;3;2950,47;706,6;830,67
2023-12-29 00:00:00;Tablet;Oeste;1087;Online;454;6;2724;250,87;1218,78
2023-11-14 00:00:00;Smartphone;Sur;1091;Online;1160,61;3;3481,83;840,29;960,96
2023-10-01 00:00:00;Monitor;Norte;1063;Tienda física;704,85;2;1409,7;417,91;573,88
2023-04-12 00:00:00;Monitor;Norte;1094;Online;379,7;5;1898,5;203,83;879,35
2023-09-05 00:00:00;Impresora;Sur;1094;Call center;397,2;1;397,2;212,99;184,21
2023-08-03 00:00:00;Laptop;Sur;1087;Call center;795,08;4;3180,32;399,53;1582,2
2023-07-22 00:00:00;Laptop;Norte;1092;Tienda física;292,03;6;1752,18;187,41;627,72
2023-06-19 00:00:00;Smartphone;Sur;1069;Online;981,13;7;6867,91;561,91;2934,54
2023-03-29 00:00:00;Monitor;Oeste;1034;Online;132,51;5;662,55;77,39;275,6
2023-03-15 00:00:00;Monitor;Oeste;1077;Online;276,68;3;830,04;204,31;217,11
2023-01-17 00:00:00;Monitor;Este;1085;Tienda física;681,38;4;2725,52;348,99;1329,56
2023-08-29 00:00:00;Smartphone;Sur;1021;Tienda física;814,28;2;1628,56;589,15;450,26
2023-04-26 00:00:00;Monitor;Norte;1088;Tienda física;706,86;9;6361,74;565,2;1274,94
2023-10-17 00:00:00;Monitor;Norte;1028;Online;457;2;914;266,19;381,62
2023-06-12 00:00:00;Laptop;Este;1009;Tienda física;1002,27;2;2004,54;647,92;708,7
2023-11-13 00:00:00;Impresora;Norte;1072;Call center;200,36;9;1803,24;149,64;456,48
2023-09-13 00:00:00;Impresora;Sur;1030;Online;1168,96;8;9351,68;926,58;1939,04
2023-10-04 00:00:00;Monitor;Este;1072;Online;358,21;7;2507,47;242,65;808,92
2023-09-06 00:00:00;Impresora;Este;1036;Tienda física;940,26;9;8462,34;742,28;1781,82
2023-04-06 00:00:00;Impresora;Oeste;1081;Online;152,17;9;1369,53;94,57;518,4
2023-10-26 00:00:00;Tablet;Oeste;1072;Tienda física;874,88;2;1749,76;571,6;606,56
2023-08-02 00:00:00;Impresora;Sur;1064;Online;1456,09;3;4368,27;1041,84;1242,75
2023-07-24 00:00:00;Impresora;Norte;1022;Tienda física;1226,8;6;7360,8;793,2;2601,6
2023-08-05 00:00:00;Smartphone;Este;1086;Tienda física;1477,04;7;10339,28;1049,34;2993,9
2023-09-08 00:00:00;Smartphone;Este;1039;Online;1051,06;2;2102,12;756,81;588,5
2023-01-24 00:00:00;Impresora;Norte;1070;Online;552,56;1;552,56;402,86;149,7
2023-01-09 00:00:00;Tablet;Norte;1038;Online;519,42;9;4674,78;338,67;1626,75
2023-09-18 00:00:00;Tablet;Oeste;1098;Online;354,98;3;1064,94;240,69;342,87
2023-07-03 00:00:00;Monitor;Oeste;1093;Tienda física;206,03;5;1030,15;160,48;227,75
2023-09-09 00:00:00;Laptop;Este;1076;Online;378,31;2;756,62;281,55;193,52
2023-01-11 00:00:00;Impresora;Norte;1075;Call center;1309,7;6;7858,2;889,06;2523,84
2023-01-19 00:00:00;Impresora;Sur;1095;Online;698,79;1;698,79;480,46;218,33
2023-06-23 00:00:00;Impresora;Este;1034;Tienda física;821,86;7;5753,02;579,53;1696,31
2023-01-09 00:00:00;Smartphone;Este;1053;Call center;1224,57;7;8571,99;927,9;2076,69
2023-03-07 00:00:00;Tablet;Oeste;1034;Call center;1213,67;4;4854,68;882,73;1323,76
2023-04-26 00:00:00;Monitor;Norte;1091;Online;1029,84;8;8238,72;540,86;3911,84
2023-06-07 00:00:00;Monitor;Oeste;1010;Call center;125,03;3;375,09;62,54;187,47
2023-09-06 00:00:00;Smartphone;Sur;1063;Online;1480,21;4;5920,84;762,6;2870,44
2023-09-18 00:00:00;Impresora;Norte;1014;Call center;1103,14;6;6618,84;849,47;1522,02
2023-03-27 00:00:00;Smartphone;Oeste;1081;Online;863,06;4;3452,24;625,54;950,08
2023-07-06 00:00:00;Monitor;Oeste;1088;Tienda física;225,74;9;2031,66;178,91;421,47
2023-09-02 00:00:00;Monitor;Sur;1019;Call center;199,2;4;796,8;132,37;267,32
2023-04-26 00:00:00;Impresora;Norte;1062;Online;980,74;6;5884,44;665,62;1890,72
2023-02-08 00:00:00;Laptop;Sur;1035;Online;731,5;7;5120,5;543,44;1316,42
2023-10-27 00:00:00;Laptop;Este;1022;Online;398,37;1;398,37;262,64;135,73
2023-10-19 00:00:00;Laptop;Norte;1003;Online;1151,01;9;10359,09;718,11;3896,1
2023-04-29 00:00:00;Impresora;Norte;1070;Call center;1041,21;2;2082,42;667,19;748,04
2023-09-20 00:00:00;Tablet;Sur;1032;Call center;333,72;7;2336,04;215,62;826,7
2023-03-20 00:00:00;Smartphone;Oeste;1021;Online;1081,53;9;9733,77;563,52;4662,09
2023-12-29 00:00:00;Smartphone;Sur;1043;Tienda física;1376,63;6;8259,78;987,71;2333,52
2023-12-09 00:00:00;Monitor;Oeste;1000;Online;866,41;6;5198,46;493,34;2238,42
2023-11-23 00:00:00;Impresora;Norte;1061;Online;1346,75;2;2693,5;941,32;810,86
2023-09-08 00:00:00;Monitor;Oeste;1015;Call center;452,74;9;4074,66;306,85;1313,01
2023-10-18 00:00:00;Monitor;Oeste;1098;Call center;1302,84;9;11725,56;873,63;3862,89
2023-06-12 00:00:00;Laptop;Oeste;1040;Online;438,83;9;3949,47;292,27;1319,04
2023-08-10 00:00:00;Monitor;Este;1071;Call center;160,7;9;1446,3;95,91;583,11
2023-05-17 00:00:00;Smartphone;Oeste;1029;Call center;192,35;3;577,05;126,92;196,29
2023-04-22 00:00:00;Laptop;Este;1043;Call center;463,77;2;927,54;351,78;223,98
2023-09-13 00:00:00;Tablet;Oeste;1014;Call center;241,8;8;1934,4;164,41;619,12
2023-01-21 00:00:00;Impresora;Sur;1014;Tienda física;1311,41;6;7868,46;1045,06;1598,1
2023-09-23 00:00:00;Impresora;Este;1059;Call center;831,25;8;6650;514,61;2533,12
2023-01-06 00:00:00;Monitor;Sur;1024;Tienda física;1118,42;1;1118,42;877,69;240,73
2023-12-19 00:00:00;Monitor;Norte;1023;Call center;291,46;7;2040,22;184,78;746,76
2023-01-23 00:00:00;Impresora;Oeste;1063;Online;131,03;9;1179,27;90,36;366,03
2023-12-19 00:00:00;Laptop;Sur;1019;Call center;1005,9;1;1005,9;706,36;299,54
2023-06-26 00:00:00;Laptop;Este;1009;Tienda física;429,8;7;3008,6;247,67;1274,91
2023-11-22 00:00:00;Smartphone;Este;1098;Tienda física;121,53;1;121,53;63,99;57,54
2023-08-22 00:00:00;Smartphone;Oeste;1019;Online;1194,79;4;4779,16;737,17;1830,48
2023-05-03 00:00:00;Smartphone;Este;1059;Tienda física;631,98;8;5055,84;455,64;1410,72
2023-12-25 00:00:00;Impresora;Este;1097;Call center;296,85;8;2374,8;164,73;1056,96
2023-12-21 00:00:00;Laptop;Oeste;1025;Tienda física;603,91;5;3019,55;369,04;1174,35
2023-03-05 00:00:00;Smartphone;Norte;1089;Call center;460,62;2;921,24;357,69;205,86
2023-08-09 00:00:00;Laptop;Norte;1063;Call center;1055,45;6;6332,7;530,6;3149,1
2023-12-01 00:00:00;Smartphone;Norte;1033;Online;739,34;3;2218,02;538,22;603,36
2023-01-29 00:00:00;Monitor;Este;1026;Online;1304,95;1;1304,95;939,45;365,5
2023-03-11 00:00:00;Monitor;Este;1079;Call center;254,27;4;1017,08;133,19;484,32
2023-10-05 00:00:00;Tablet;Sur;1096;Call center;772,43;7;5407,01;531,21;1688,54
2023-12-23 00:00:00;Laptop;Norte;1017;Tienda física;1014,62;6;6087,72;710,84;1822,68
2023-01-07 00:00:00;Impresora;Sur;1068;Online;1480,29;6;8881,74;1132,09;2089,2
2023-09-30 00:00:00;Smartphone;Norte;1048;Call center;147,98;7;1035,86;115,27;228,97
2023-11-10 00:00:00;Monitor;Sur;1015;Tienda física;1050,55;2;2101,1;657,55;786
2023-10-16 00:00:00;Tablet;Norte;1065;Tienda física;1273,77;7;8916,39;965,27;2159,5
2023-12-23 00:00:00;Laptop;Este;1087;Call center;444,33;7;3110,31;291,11;1072,54
2023-04-06 00:00:00;Tablet;Este;1022;Tienda física;1093,46;3;3280,38;633,15;1380,93
2023-06-29 00:00:00;Smartphone;Norte;1060;Online;625,09;6;3750,54;395,48;1377,66
2023-12-13 00:00:00;Laptop;Oeste;1050;Online;769,18;2;1538,36;579,72;378,92
2023-05-16 00:00:00;Monitor;Oeste;1068;Call center;289,93;5;1449,65;186,49;517,2
2023-11-28 00:00:00;Impresora;Sur;1099;Tienda física;320,82;8;2566,56;185,61;1081,68
2023-03-03 00:00:00;Smartphone;Sur;1015;Tienda física;655,22;1;655,22;503,86;151,36
2023-01-01 00:00:00;Laptop;Norte;1023;Online;1444,7;9;13002,3;950,33;4449,33
2023-11-27 00:00:00;Laptop;Norte;1043;Online;227,52;3;682,56;137,61;269,73
2023-02-12 00:00:00;Tablet;Oeste;1084;Online;142,7;2;285,4;100,18;85,04
2023-05-26 00:00:00;Impresora;Norte;1095;Call center;1167,4;3;3502,2;800,85;1099,65
2023-08-01 00:00:00;Tablet;Sur;1091;Call center;1310,93;1;1310,93;721,38;589,55
2023-07-23 00:00:00;Tablet;Oeste;1043;Online;1158,69;9;10428,21;885,03;2462,94
2023-01-28 00:00:00;Tablet;Oeste;1040;Call center;759,84;9;6838,56;396,25;3272,31
2023-08-07 00:00:00;Smartphone;Oeste;1095;Tienda física;400,58;3;1201,74;219,19;544,17
2023-02-22 00:00:00;Monitor;Este;1007;Online;811,91;5;4059,55;633,77;890,7
2023-05-24 00:00:00;Monitor;Oeste;1031;Call center;1190;1;1190;746,15;443,85
2023-12-26 00:00:00;Impresora;Norte;1068;Tienda física;435,34;7;3047,38;316,96;828,66
2023-03-07 00:00:00;Laptop;Este;1047;Tienda física;789,5;6;4737;590,61;1193,34
2023-01-24 00:00:00;Impresora;Norte;1018;Online;1070,33;4;4281,32;678,06;1569,08
2023-10-29 00:00:00;Impresora;Oeste;1078;Tienda física;422,66;7;2958,62;336,29;604,59
2023-05-12 00:00:00;Laptop;Oeste;1050;Call center;116,76;7;817,32;92,52;169,68
2023-12-25 00:00:00;Monitor;Norte;1094;Tienda física;242,4;4;969,6;151,03;365,48
2023-07-04 00:00:00;Laptop;Sur;1041;Online;1324,75;7;9273,25;985,14;2377,27
2023-05-27 00:00:00;Monitor;Oeste;1047;Online;729,18;2;1458,36;443,23;571,9
2023-02-08 00:00:00;Impresora;Norte;1033;Tienda física;1376,87;3;4130,61;919,11;1373,28
2023-02-06 00:00:00;Tablet;Este;1042;Tienda física;1042,21;3;3126,63;586,96;1365,75
2023-01-12 00:00:00;Tablet;Este;1065;Online;109,07;2;218,14;77,4;63,34
2023-02-06 00:00:00;Laptop;Este;1017;Call center;996,33;5;4981,65;515,66;2403,35
2023-05-01 00:00:00;Impresora;Oeste;1059;Call center;327,93;7;2295,51;208,23;837,9
2023-10-05 00:00:00;Monitor;Oeste;1050;Tienda física;1228,14;2;2456,28;678,68;1098,92
2023-01-28 00:00:00;Monitor;Sur;1006;Tienda física;106,43;5;532,15;75,13;156,5
2023-05-26 00:00:00;Monitor;Sur;1098;Online;406,63;3;1219,89;212,75;581,64
2023-05-06 00:00:00;Smartphone;Norte;1003;Online;1316,95;3;3950,85;873,97;1328,94
2023-02-07 00:00:00;Laptop;Norte;1032;Call center;1340,47;1;1340,47;801,82;538,65
2023-09-22 00:00:00;Smartphone;Norte;1048;Tienda física;534,03;5;2670,15;392,14;709,45
2023-11-06 00:00:00;Tablet;Norte;1076;Tienda física;263,25;9;2369,25;181,03;739,98
2023-04-23 00:00:00;Monitor;Este;1008;Tienda física;721,11;3;2163,33;431,56;868,65
2023-04-02 00:00:00;Laptop;Este;1088;Call center;1403,46;7;9824,22;878,67;3673,53
2023-09-11 00:00:00;Tablet;Norte;1050;Online;967,37;6;5804,22;622,29;2070,48
2023-11-09 00:00:00;Laptop;Este;1058;Online;628,08;5;3140,4;458,75;846,65
2023-04-08 00:00:00;Smartphone;Oeste;1025;Online;1085,23;8;8681,84;656,56;3429,36
2023-10-12 00:00:00;Laptop;Norte;1010;Call center;198,26;8;1586,08;145,81;419,6
2023-05-10 00:00:00;Laptop;Norte;1040;Online;1257,16;1;1257,16;675,75;581,41
2023-08-28 00:00:00;Impresora;Este;1048;Tienda física;580;5;2900;336,94;1215,3
2023-04-21 00:00:00;Impresora;Oeste;1025;Call center;428,07;8;3424,56;263,84;1313,84
2023-04-21 00:00:00;Laptop;Oeste;1059;Call center;1306,25;3;3918,75;861,49;1334,28
2023-11-16 00:00:00;Impresora;Oeste;1071;Call center;500,24;5;2501,2;326,91;866,65
2023-08-27 00:00:00;Smartphone;Norte;1097;Call center;558,01;5;2790,05;380,47;887,7
2023-07-27 00:00:00;Smartphone;Oeste;1030;Online;1434,73;8;11477,84;961,08;3789,2
2023-01-21 00:00:00;Smartphone;Oeste;1038;Call center;179,06;1;179,06;97,4;81,66
2023-12-04 00:00:00;Smartphone;Este;1053;Call center;389,11;9;3501,99;286,78;920,97
2023-05-02 00:00:00;Laptop;Oeste;1038;Tienda física;1437,99;7;10065,93;920,01;3625,86
2023-05-29 00:00:00;Laptop;Norte;1074;Call center;1399,3;6;8395,8;735,04;3985,56
2023-09-15 00:00:00;Smartphone;Oeste;1018;Call center;1425,76;7;9980,32;1071,92;2476,88
2023-07-10 00:00:00;Tablet;Oeste;1055;Online;213,97;1;213,97;125,81;88,16
2023-03-19 00:00:00;Laptop;Sur;1026;Call center;280,96;4;1123,84;160,49;481,88
2023-07-03 00:00:00;Monitor;Norte;1010;Tienda física;1169,92;5;5849,6;777,3;1963,1
2023-04-23 00:00:00;Impresora;Oeste;1093;Online;807,78;2;1615,56;523,6;568,36
2023-04-23 00:00:00;Monitor;Oeste;1003;Call center;780,19;2;1560,38;498,21;563,96
2023-05-12 00:00:00;Impresora;Sur;1049;Online;189,66;4;758,64;121,24;273,68
2023-09-04 00:00:00;Monitor;Este;1065;Tienda física;297,18;6;1783,08;235,46;370,32
2023-11-17 00:00:00;Laptop;Oeste;1069;Tienda física;719,04;8;5752,32;462,26;2054,24
2023-10-07 00:00:00;Tablet;Oeste;1088;Call center;133,95;7;937,65;78,16;390,53
2023-02-20 00:00:00;Monitor;Norte;1028;Online;616,26;7;4313,82;342,26;1918
2023-07-17 00:00:00;Tablet;Sur;1010;Tienda física;1311,12;3;3933,36;846,23;1394,67
2023-12-18 00:00:00;Smartphone;Norte;1013;Call center;1432,55;9;12892,95;869,05;5071,5
2023-06-08 00:00:00;Smartphone;Sur;1058;Tienda física;695,21;1;695,21;517,42;177,79
2023-09-28 00:00:00;Impresora;Este;1047;Online;841,09;6;5046,54;645,55;1173,24
2023-11-11 00:00:00;Laptop;Oeste;1003;Online;853,03;4;3412,12;491,59;1445,76
2023-06-13 00:00:00;Impresora;Oeste;1052;Online;328,31;2;656,62;205,83;244,96
2023-10-26 00:00:00;Impresora;Este;1036;Tienda física;382,49;2;764,98;292,63;179,72
2023-03-24 00:00:00;Laptop;Norte;1029;Online;267,33;6;1603,98;148,04;715,74
2023-08-29 00:00:00;Impresora;Norte;1006;Call center;738,43;5;3692,15;507,19;1156,2
2023-07-27 00:00:00;Impresora;Norte;1085;Tienda física;1491,36;1;1491,36;1069,93;421,43
2023-05-15 00:00:00;Monitor;Sur;1013;Online;1209,35;3;3628,05;686,22;1569,39
2023-04-28 00:00:00;Smartphone;Norte;1090;Call center;1329,17;7;9304,19;856,88;3306,03
2023-02-21 00:00:00;Tablet;Oeste;1057;Online;125,56;8;1004,48;90,61;279,6
2023-11-10 00:00:00;Impresora;Este;1059;Call center;478,77;6;2872,62;249,95;1372,92
2023-03-09 00:00:00;Laptop;Sur;1090;Call center;143,84;1;143,84;109,34;34,5
2023-07-24 00:00:00;Impresora;Sur;1064;Online;1148,39;4;4593,56;696,92;1805,88
2023-01-11 00:00:00;Laptop;Este;1046;Tienda física;259,39;9;2334,51;161,74;878,85
2023-04-19 00:00:00;Tablet;Este;1078;Call center;1044,76;5;5223,8;620,25;2122,55
2023-10-29 00:00:00;Impresora;Este;1066;Tienda física;263,79;1;263,79;194,85;68,94
2023-09-25 00:00:00;Tablet;Sur;1057;Call center;639,63;1;639,63;423,1;216,53
2023-07-28 00:00:00;Laptop;Este;1073;Tienda física;610,44;8;4883,52;414,84;1564,8
2023-04-20 00:00:00;Impresora;Este;1018;Online;889,93;7;6229,51;589,31;2104,34
2023-03-12 00:00:00;Tablet;Sur;1033;Tienda física;663,9;6;3983,4;463,09;1204,86
2023-02-06 00:00:00;Laptop;Norte;1060;Tienda física;889,77;3;2669,31;604,52;855,75
2023-08-14 00:00:00;Laptop;Este;1009;Call center;1373,05;8;10984,4;758,02;4920,24
2023-02-20 00:00:00;Smartphone;Este;1080;Tienda física;1284,1;9;11556,9;794,15;4409,55
2023-04-16 00:00:00;Laptop;Norte;1074;Call center;585,89;5;2929,45;304,38;1407,55
2023-06-02 00:00:00;Smartphone;Oeste;1003;Tienda física;1443,95;3;4331,85;1090;1061,85
2023-11-14 00:00:00;Monitor;Sur;1060;Tienda física;1302,73;5;6513,65;905,75;1984,9
2023-10-16 00:00:00;Impresora;Sur;1089;Tienda física;888,33;2;1776,66;513,95;748,76
2023-10-20 00:00:00;Monitor;Este;1034;Online;1212,88;4;4851,52;892;1283,52
2023-01-11 00:00:00;Monitor;Oeste;1077;Tienda física;833,17;9;7498,53;627,28;1853,01
2023-07-08 00:00:00;Monitor;Norte;1013;Tienda física;448,45;4;1793,8;343,16;421,16
2023-05-11 00:00:00;Tablet;Sur;1086;Call center;1326,32;1;1326,32;847,02;479,3
2023-10-14 00:00:00;Monitor;Este;1076;Call center;672,27;6;4033,62;495,14;1062,78
2023-07-21 00:00:00;Smartphone;Este;1019;Tienda física;680,91;9;6128,19;365,15;2841,84
2023-01-14 00:00:00;Monitor;Este;1023;Call center;850,2;2;1700,4;609,49;481,42
2023-09-05 00:00:00;Tablet;Norte;1052;Online;1273,38;3;3820,14;688,81;1753,71
2023-11-23 00:00:00;Monitor;Norte;1088;Tienda física;1210,76;3;3632,28;878,62;996,42
2023-11-06 00:00:00;Laptop;Norte;1086;Online;305,38;8;2443,04;184,77;964,88
2023-02-08 00:00:00;Monitor;Norte;1093;Online;962,74;3;2888,22;566,08;1189,98
2023-03-05 00:00:00;Laptop;Norte;1029;Call center;572,59;2;1145,18;339,6;465,98
2023-07-25 00:00:00;Laptop;Oeste;1042;Tienda física;1343,32;7;9403,24;802,89;3783,01
2023-11-03 00:00:00;Tablet;Sur;1076;Call center;1360,18;1;1360,18;754,28;605,9
2023-11-30 00:00:00;Monitor;Oeste;1035;Tienda física;815,83;3;2447,49;424,11;1175,16
2023-03-10 00:00:00;Tablet;Norte;1070;Tienda física;613,53;4;2454,12;460,78;611
2023-10-18 00:00:00;Impresora;Este;1041;Online;239;5;1195;133,92;525,4
2023-09-19 00:00:00;Tablet;Sur;1041;Call center;1241,42;7;8689,94;782,47;3212,65
2023-11-25 00:00:00;Impresora;Norte;1026;Online;1242,9;2;2485,8;962,67;560,46
2023-08-15 00:00:00;Monitor;Sur;1007;Tienda física;125,22;2;250,44;84,92;80,6
2023-02-09 00:00:00;Tablet;Oeste;1011;Tienda física;505,36;5;2526,8;321,09;921,35
2023-07-14 00:00:00;Tablet;Este;1053;Tienda física;640,44;2;1280,88;444;392,88
2023-09-03 00:00:00;Impresora;Este;1028;Tienda física;189,57;1;189,57;133,51;56,06
2023-01-12 00:00:00;Monitor;Este;1029;Online;1276,86;9;11491,74;647,81;5661,45
2023-06-28 00:00:00;Impresora;Oeste;1090;Call center;723,97;2;1447,94;399,25;649,44
2023-12-10 00:00:00;Impresora;Este;1096;Call center;432,94;4;1731,76;324,23;434,84
2023-07-01 00:00:00;Smartphone;Sur;1067;Call center;590,73;7;4135,11;351,35;1675,66
2023-12-30 00:00:00;Tablet;Norte;1040;Tienda física;424,35;2;848,7;265,92;316,86
2023-08-20 00:00:00;Tablet;Norte;1042;Call center;1033,68;1;1033,68;594,12;439,56
2023-09-08 00:00:00;Smartphone;Oeste;1090;Tienda física;1229,78;8;9838,24;618,44;4890,72
2023-05-06 00:00:00;Monitor;Norte;1099;Call center;1342,55;3;4027,65;822,7;1559,55
2023-07-07 00:00:00;Monitor;Sur;1014;Call center;1353,67;3;4061,01;1068,97;854,1
2023-11-02 00:00:00;Laptop;Oeste;1079;Online;490,21;9;4411,89;382,05;973,44
2023-08-31 00:00:00;Monitor;Norte;1050;Online;1410,03;8;11280,24;1000,78;3274
2023-05-05 00:00:00;Smartphone;Sur;1088;Call center;610,65;3;1831,95;361,47;747,54
2023-12-02 00:00:00;Smartphone;Norte;1035;Tienda física;125,8;4;503,2;64,9;243,6
2023-03-23 00:00:00;Monitor;Oeste;1095;Online;1008,01;4;4032,04;525,37;1930,56
2023-10-02 00:00:00;Tablet;Sur;1058;Call center;1034,75;8;8278;699,67;2680,64
2023-06-06 00:00:00;Smartphone;Norte;1080;Online;460,13;1;460,13;285,33;174,8
2023-07-17 00:00:00;Tablet;Sur;1024;Online;358,81;8;2870,48;272,45;690,88
2023-01-09 00:00:00;Impresora;Norte;1040;Call center;1375,78;7;9630,46;1065,53;2171,75
2023-04-16 00:00:00;Smartphone;Oeste;1088;Call center;1335,11;5;6675,55;994,54;1702,85
2023-01-23 00:00:00;Laptop;Sur;1076;Tienda física;392,4;4;1569,6;281,7;442,8
2023-12-20 00:00:00;Tablet;Sur;1051;Tienda física;413,29;1;413,29;294,48;118,81
2023-12-09 00:00:00;Smartphone;Norte;1080;Call center;1115,19;2;2230,38;698,86;832,66
2023-09-01 00:00:00;Monitor;Norte;1021;Tienda física;1499,61;7;10497,27;1097,82;2812,53
2023-12-11 00:00:00;Monitor;Norte;1046;Call center;857,75;4;3431;535,24;1290,04
2023-08-20 00:00:00;Monitor;Oeste;1040;Call center;327,23;3;981,69;178,44;446,37
2023-02-16 00:00:00;Laptop;Oeste;1005;Tienda física;770,53;6;4623,18;553,84;1300,14
2023-10-07 00:00:00;Impresora;Este;1044;Call center;1305,86;5;6529,3;1022,08;1418,9
2023-02-04 00:00:00;Tablet;Sur;1093;Tienda física;1220,02;7;8540,14;790,46;3006,92
2023-01-04 00:00:00;Impresora;Norte;1020;Tienda física;1393,93;3;4181,79;1052,85;1023,24
2023-07-05 00:00:00;Monitor;Este;1027;Tienda física;387,55;8;3100,4;297,98;716,56
2023-12-13 00:00:00;Impresora;Este;1054;Online;498,88;1;498,88;302;196,88
2023-08-08 00:00:00;Smartphone;Norte;1072;Tienda física;1125,39;8;9003,12;717,68;3261,68
2023-04-26 00:00:00;Laptop;Oeste;1022;Tienda física;1050,03;5;5250,15;577,73;2361,5
2023-06-06 00:00:00;Smartphone;Norte;1090;Online;372,28;6;2233,68;207,13;990,9
2023-03-15 00:00:00;Smartphone;Norte;1079;Tienda física;114,89;2;229,78;67,56;94,66
2023-10-31 00:00:00;Impresora;Oeste;1003;Online;871,24;4;3484,96;522,28;1395,84
2023-05-14 00:00:00;Smartphone;Oeste;1041;Call center;908,61;7;6360,27;549,14;2516,29
2023-12-14 00:00:00;Impresora;Sur;1089;Tienda física;503,21;7;3522,47;363,14;980,49
2023-03-28 00:00:00;Laptop;Oeste;1057;Tienda física;198,92;4;795,68;100,76;392,64
2023-09-11 00:00:00;Smartphone;Oeste;1064;Tienda física;572,97;9;5156,73;350,04;2006,37
2023-04-28 00:00:00;Smartphone;Oeste;1092;Online;441,36;3;1324,08;244,66;590,1
2023-04-12 00:00:00;Impresora;Oeste;1030;Call center;389,43;1;389,43;240,32;149,11
2023-09-13 00:00:00;Impresora;Sur;1027;Call center;673,29;2;1346,58;448,57;449,44
2023-02-25 00:00:00;Laptop;Sur;1040;Call center;341,66;9;3074,94;186,52;1396,26
2023-06-27 00:00:00;Monitor;Sur;1090;Online;1103,53;5;5517,65;618,24;2426,45
2023-05-12 00:00:00;Tablet;Sur;1012;Tienda física;486,03;6;2916,18;315,35;1024,08
2023-02-15 00:00:00;Tablet;Sur;1046;Call center;506,77;7;3547,39;334,91;1203,02
2023-02-11 00:00:00;Impresora;Este;1020;Tienda física;672,69;4;2690,76;482,2;761,96
2023-06-24 00:00:00;Tablet;Norte;1036;Tienda física;1003,79;4;4015,16;731,51;1089,12
2023-11-20 00:00:00;Tablet;Norte;1047;Call center;527,14;6;3162,84;397,65;776,94
2023-03-13 00:00:00;Laptop;Este;1083;Tienda física;1106,95;6;6641,7;844,4;1575,3
2023-08-29 00:00:00;Laptop;Oeste;1036;Online;636,84;4;2547,36;384,76;1008,32
2023-07-14 00:00:00;Tablet;Norte;1099;Call center;1223,45;9;11011,05;770,7;4074,75
2023-01-08 00:00:00;Laptop;Este;1070;Tienda física;1212,16;6;7272,96;958,91;1519,5
2023-05-31 00:00:00;Smartphone;Sur;1016;Online;1301,21;5;6506,05;694,43;3033,9
2023-10-16 00:00:00;Impresora;Sur;1036;Online;473,65;5;2368,25;271,82;1009,15
2023-12-21 00:00:00;Smartphone;Oeste;1077;Online;908,72;8;7269,76;500,97;3262
2023-04-06 00:00:00;Tablet;Este;1020;Call center;860,44;7;6023,08;432,47;2995,79
2023-05-26 00:00:00;Smartphone;Sur;1049;Tienda física;670,5;8;5364;366,62;2431,04
2023-09-26 00:00:00;Impresora;Norte;1061;Online;781,14;7;5467,98;511,08;1890,42
2023-03-22 00:00:00;Impresora;Este;1070;Call center;1410,29;9;12692,61;960,62;4047,03
2023-01-31 00:00:00;Smartphone;Sur;1005;Tienda física;1099,31;1;1099,31;594,38;504,93
2023-03-01 00:00:00;Tablet;Norte;1012;Tienda física;1124,8;9;10123,2;698,97;3832,47
2023-02-27 00:00:00;Laptop;Norte;1060;Online;925,4;8;7403,2;585,68;2717,76
2023-07-03 00:00:00;Impresora;Norte;1009;Online;1355,79;8;10846,32;690,26;5324,24
2023-10-13 00:00:00;Tablet;Oeste;1092;Online;175,35;1;175,35;116,02;59,33
2023-08-17 00:00:00;Tablet;Sur;1035;Call center;1486,74;1;1486,74;1018,81;467,93
2023-11-27 00:00:00;Tablet;Norte;1040;Call center;124,7;8;997,6;91,04;269,28
2023-08-13 00:00:00;Monitor;Oeste;1040;Tienda física;206,88;4;827,52;104,35;410,12
2023-03-21 00:00:00;Impresora;Este;1062;Call center;496,94;8;3975,52;269,66;1818,24
2023-08-25 00:00:00;Impresora;Norte;1056;Tienda física;287,63;6;1725,78;161,15;758,88
2023-03-27 00:00:00;Monitor;Sur;1074;Online;804,78;3;2414,34;563,27;724,53
2023-02-22 00:00:00;Tablet;Norte;1056;Call center;1168,49;4;4673,96;867,52;1203,88
2023-08-15 00:00:00;Impresora;Norte;1057;Online;1484,54;7;10391,78;788,74;4870,6
2023-07-07 00:00:00;Laptop;Este;1073;Online;548,69;5;2743,45;314,61;1170,4
2023-12-01 00:00:00;Monitor;Este;1033;Call center;677,39;6;4064,34;436,92;1442,82
2023-03-15 00:00:00;Impresora;Oeste;1053;Online;314,6;1;314,6;246,07;68,53
2023-10-28 00:00:00;Impresora;Sur;1099;Call center;125,27;5;626,35;72,02;266,25
2023-02-20 00:00:00;Monitor;Oeste;1086;Online;972,53;2;1945,06;534,37;876,32
2023-04-05 00:00:00;Tablet;Oeste;1047;Online;637,75;8;5102;428,27;1675,84
2023-02-23 00:00:00;Monitor;Sur;1061;Online;1046,76;5;5233,8;703,35;1717,05
2023-02-19 00:00:00;Tablet;Norte;1038;Call center;338,83;1;338,83;249,19;89,64
2023-09-29 00:00:00;Smartphone;Norte;1095;Tienda física;812,75;3;2438,25;553,39;778,08
2023-01-16 00:00:00;Monitor;Norte;1039;Online;581,53;2;1163,06;356,36;450,34
2023-07-23 00:00:00;Smartphone;Oeste;1091;Tienda física;693,3;2;1386,6;514,35;357,9
2023-10-03 00:00:00;Impresora;Oeste;1055;Call center;1380,4;6;8282,4;730,54;3899,16
2023-09-29 00:00:00;Monitor;Oeste;1061;Call center;956,91;1;956,91;490,04;466,87
2023-11-28 00:00:00;Impresora;Este;1043;Tienda física;204,6;7;1432,2;146,97;403,41
2023-04-30 00:00:00;Impresora;Este;1030;Tienda física;220,98;7;1546,86;169,1;363,16
2023-01-31 00:00:00;Laptop;Oeste;1083;Call center;1364,09;4;5456,36;1031,74;1329,4
2023-10-30 00:00:00;Monitor;Norte;1085;Tienda física;379,48;2;758,96;290,32;178,32
2023-12-31 00:00:00;Monitor;Este;1027;Online;551,33;7;3859,31;435,66;809,69
2023-02-12 00:00:00;Impresora;Oeste;1017;Call center;733,39;8;5867,12;380,51;2823,04
2023-12-26 00:00:00;Tablet;Este;1026;Online;286,19;9;2575,71;208,24;701,55
2023-12-04 00:00:00;Smartphone;Este;1051;Call center;609,41;4;2437,64;471,82;550,36
2023-05-18 00:00:00;Monitor;Norte;1062;Online;1424,65;3;4273,95;1084,8;1019,55
2023-06-22 00:00:00;Monitor;Sur;1060;Online;1329,86;3;3989,58;1014,07;947,37
2023-09-13 00:00:00;Monitor;Norte;1024;Call center;1454,59;5;7272,95;948,87;2528,6
2023-01-02 00:00:00;Monitor;Este;1063;Tienda física;1364;1;1364;1087,1;276,9
2023-12-11 00:00:00;Impresora;Norte;1033;Online;1332,82;5;6664,1;789,52;2716,5
2023-08-29 00:00:00;Laptop;Norte;1040;Tienda física;276,65;3;829,95;210,62;198,09
2023-12-20 00:00:00;Smartphone;Este;1008;Online;1433,09;4;5732,36;758,43;2698,64
2023-06-19 00:00:00;Monitor;Sur;1057;Online;1391,69;7;9741,83;810,92;4065,39
2023-05-18 00:00:00;Tablet;Norte;1019;Tienda física;189,52;4;758,08;109,88;318,56
2023-01-18 00:00:00;Laptop;Norte;1093;Call center;1076,44;1;1076,44;571,89;504,55
2023-11-08 00:00:00;Tablet;Oeste;1012;Call center;170,83;7;1195,81;108,26;437,99
2023-04-26 00:00:00;Tablet;Oeste;1097;Call center;1068,27;4;4273,08;636,55;1726,88
2023-10-31 00:00:00;Impresora;Oeste;1012;Online;201,99;9;1817,91;107,53;850,14
2023-07-09 00:00:00;Smartphone;Norte;1029;Tienda física;295,45;5;1477,25;217,11;391,7
2023-04-10 00:00:00;Smartphone;Oeste;1066;Tienda física;1260,93;4;5043,72;733,85;2108,32
2023-01-02 00:00:00;Monitor;Este;1079;Tienda física;1349,14;9;12142,26;717,65;5683,41
2023-05-15 00:00:00;Laptop;Este;1004;Tienda física;478,78;4;1915,12;258,71;880,28
2023-01-12 00:00:00;Tablet;Sur;1078;Tienda física;1082,85;9;9745,65;561,33;4693,68
2023-09-20 00:00:00;Laptop;Este;1048;Online;811,3;1;811,3;563,83;247,47
2023-07-19 00:00:00;Tablet;Este;1039;Tienda física;149,89;5;749,45;96,62;266,35
2023-10-09 00:00:00;Tablet;Oeste;1061;Online;1150,94;7;8056,58;747,04;2827,3
2023-07-17 00:00:00;Tablet;Oeste;1069;Call center;887,3;8;7098,4;667,6;1757,6
2023-04-22 00:00:00;Laptop;Este;1006;Call center;1196,33;6;7177,98;765,54;2584,74
2023-01-27 00:00:00;Tablet;Oeste;1030;Tienda física;1056,87;3;3170,61;807,26;748,83
2023-12-01 00:00:00;Monitor;Oeste;1085;Call center;1056,52;1;1056,52;798,17;258,35
2023-09-27 00:00:00;Impresora;Este;1004;Tienda física;1067,81;1;1067,81;768,54;299,27
2023-07-26 00:00:00;Smartphone;Oeste;1046;Online;572,97;5;2864,85;388,65;921,6
2023-01-07 00:00:00;Laptop;Sur;1046;Online;434,56;1;434,56;324,99;109,57
2023-06-14 00:00:00;Smartphone;Oeste;1029;Online;478,42;6;2870,52;242,12;1417,8
2023-12-15 00:00:00;Smartphone;Sur;1038;Online;907,35;7;6351,45;638,29;1883,42
2023-08-28 00:00:00;Tablet;Este;1022;Online;776,49;7;5435,43;568,38;1456,77
2023-12-13 00:00:00;Impresora;Sur;1009;Call center;798,37;4;3193,48;562,45;943,68
2023-01-03 00:00:00;Smartphone;Sur;1067;Tienda física;1387,64;4;5550,56;714,61;2692,12
2023-09-18 00:00:00;Laptop;Sur;1094;Online;1007,91;4;4031,64;599,67;1632,96
2023-02-20 00:00:00;Impresora;Este;1020;Call center;771,2;4;3084,8;416,89;1417,24
2023-07-20 00:00:00;Laptop;Oeste;1088;Tienda física;1273,03;5;6365,15;696,26;2883,85
2023-12-01 00:00:00;Laptop;Sur;1040;Tienda física;227,49;1;227,49;174,61;52,88
2023-07-04 00:00:00;Smartphone;Este;1032;Call center;380,49;2;760,98;199,84;361,3
2023-04-24 00:00:00;Monitor;Sur;1006;Call center;152,66;4;610,64;78,11;298,2
2023-04-12 00:00:00;Impresora;Norte;1058;Tienda física;492,62;9;4433,58;254,29;2144,97
2023-10-28 00:00:00;Monitor;Este;1041;Online;828,87;9;7459,83;457,31;3344,04
2023-10-18 00:00:00;Laptop;Norte;1000;Call center;212,83;2;425,66;166,8;92,06
2023-01-03 00:00:00;Monitor;Sur;1088;Online;1365,06;7;9555,42;1080,13;1994,51
2023-04-24 00:00:00;Impresora;Sur;1027;Call center;428,43;8;3427,44;264,16;1314,16
2023-02-24 00:00:00;Laptop;Oeste;1013;Call center;842,9;4;3371,6;498,9;1376
2023-02-26 00:00:00;Tablet;Oeste;1061;Online;1082,22;3;3246,66;738,36;1031,58
2023-07-26 00:00:00;Laptop;Este;1011;Call center;564,77;6;3388,62;357,65;1242,72
2023-02-19 00:00:00;Monitor;Oeste;1017;Online;1241,8;3;3725,4;955,2;859,8
2023-12-28 00:00:00;Monitor;Oeste;1037;Call center;858,1;2;1716,2;489,01;738,18
2023-08-04 00:00:00;Laptop;Oeste;1050;Online;1284,98;9;11564,82;714,84;5131,26
2023-06-07 00:00:00;Monitor;Este;1011;Call center;636,91;2;1273,82;379,28;515,26
2023-01-16 00:00:00;Laptop;Sur;1029;Call center;303,05;3;909,15;177,74;375,93
2023-09-05 00:00:00;Monitor;Oeste;1089;Call center;597,93;2;1195,86;441,32;313,22
2023-09-07 00:00:00;Monitor;Oeste;1014;Online;242,5;7;1697,5;169,22;512,96
2023-07-10 00:00:00;Monitor;Sur;1087;Online;1051,6;9;9464,4;635,13;3748,23
2023-09-06 00:00:00;Laptop;Oeste;1069;Call center;514,61;8;4116,88;319,45;1561,28
2023-09-25 00:00:00;Impresora;Oeste;1047;Call center;258,86;3;776,58;159,52;298,02
2023-12-12 00:00:00;Tablet;Norte;1071;Call center;1464,01;2;2928,02;980,61;966,8
2023-11-24 00:00:00;Smartphone;Oeste;1000;Tienda física;247,84;8;1982,72;141,65;849,52
2023-10-25 00:00:00;Smartphone;Sur;1078;Online;819,09;7;5733,63;555,52;1844,99
2023-05-13 00:00:00;Laptop;Sur;1044;Tienda física;199,55;6;1197,3;152,44;282,66
2023-12-16 00:00:00;Smartphone;Este;1086;Tienda física;1315,93;8;10527,44;954,65;2890,24
2023-10-03 00:00:00;Tablet;Norte;1056;Tienda física;1425,03;3;4275,09;1001,12;1271,73
2023-01-25 00:00:00;Laptop;Oeste;1024;Tienda física;668,97;6;4013,82;383,52;1712,7
2023-06-04 00:00:00;Monitor;Oeste;1010;Online;377,54;3;1132,62;197,91;538,89
2023-12-19 00:00:00;Tablet;Sur;1099;Online;747,62;7;5233,34;450,79;2077,81
2023-11-04 00:00:00;Tablet;Este;1062;Tienda física;544,93;2;1089,86;328,81;432,24
2023-05-26 00:00:00;Laptop;Oeste;1049;Online;105,3;8;842,4;80,56;197,92
2023-05-31 00:00:00;Tablet;Sur;1082;Online;690,62;7;4834,34;534,57;1092,35
2023-04-03 00:00:00;Tablet;Oeste;1003;Online;852,48;5;4262,4;640,73;1058,75
2023-06-27 00:00:00;Smartphone;Oeste;1064;Online;384,81;9;3463,29;243,64;1270,53
2023-05-04 00:00:00;Monitor;Oeste;1036;Tienda física;362,9;3;1088,7;247,22;347,04
2023-10-02 00:00:00;Tablet;Oeste;1069;Online;894;7;6258;633,61;1822,73
2023-02-03 00:00:00;Smartphone;Norte;1017;Call center;500,15;9;4501,35;358,14;1278,09
2023-11-24 00:00:00;Smartphone;Oeste;1052;Online;584,77;4;2339,08;305,67;1116,4
2023-06-07 00:00:00;Tablet;Oeste;1003;Tienda física;505,66;1;505,66;260,21;245,45
2023-11-13 00:00:00;Smartphone;Este;1046;Call center;1427,69;4;5710,76;814,25;2453,76
2023-12-18 00:00:00;Tablet;Este;1042;Tienda física;1156,15;4;4624,6;690,03;1864,48
2023-08-13 00:00:00;Tablet;Este;1017;Online;1006,69;3;3020,07;616,11;1171,74
2023-04-07 00:00:00;Monitor;Sur;1078;Tienda física;432,96;8;3463,68;259,03;1391,44
2023-03-25 00:00:00;Impresora;Sur;1011;Online;639,84;3;1919,52;371,23;805,83
2023-06-24 00:00:00;Monitor;Oeste;1011;Call center;1496,98;9;13472,82;912,53;5260,05
2023-03-05 00:00:00;Laptop;Norte;1056;Online;1206,08;2;2412,16;721,91;968,34
2023-01-22 00:00:00;Tablet;Sur;1002;Online;127,24;6;763,44;77,4;299,04
2023-08-23 00:00:00;Tablet;Este;1000;Tienda física;1107,17;5;5535,85;619,05;2440,6
2023-11-19 00:00:00;Impresora;Sur;1041;Online;1331,21;5;6656,05;721,05;3050,8
2023-11-13 00:00:00;Monitor;Oeste;1002;Online;1405,88;4;5623,52;805,05;2403,32
2023-10-23 00:00:00;Impresora;Oeste;1038;Call center;908,41;9;8175,69;487,63;3787,02
